url,name,phone,email,address,latitude,longitude,price_per_person,views,description,hall_names,services,event_types,gallery_images,meta_description
https://shadliq.az/az/saray-restoranlar,Saray & Restoranlar,,,,40.40926169999999,49.86709240000005,,,,,GƏLİNLİKLƏR; GÖZƏLLİK SALONLARI; TOY MAŞINI; DEKORASİYA & DİZAYN; RƏQS QRUPLARI,"Ad günü, Nişan, Toy, Xına",https://shadliq.az/uploads/featured/rest_time_restoran_270.jpg; https://shadliq.az/uploads/featured/DSC06512.jpg; https://shadliq.az/uploads/featured/my-way-hall-sadliq-sarayi.jpg; https://shadliq.az/uploads/featured/lido-restorani_2025_zal.jpeg; https://shadliq.az/uploads/featured/milord-sadliq-sarayi-_59_1.jpg; https://shadliq.az/uploads/featured/bliss_tornado_zal_sadliq_sarayi.jpg; https://shadliq.az/uploads/featured/sultan-sadliq-sarayi-_2.jpg; https://shadliq.az/uploads/featured/su-sesi-sadliq-sarayi-2.jpg; https://shadliq.az/uploads/featured/siyaqut_plaza_sadliq_sarayi_270.jpg; https://shadliq.az/uploads/featured/chiraq-plaza-sarayi-1200.jpg; https://shadliq.az/uploads/featured/abu-arena-sadliq-sarayi-hall-baki-1200.jpg; https://shadliq.az/uploads/featured/park-meridian-sadliq-sarayi-2701.jpg; https://shadliq.az/uploads/featured/monte_karlo_sadliq_sarayi_270.jpg; https://shadliq.az/uploads/featured/elgun-shadliq-evi-1200.jpg; https://shadliq.az/uploads/featured/movida_sadliq_sarayi_270.jpg,"BAKININ 200-dən ÇOX RESTORAN VƏ SADLIQ SARAYLARİ BAZASI. TOY, NİSAN, XİNAYAXDİ,AD GÜNÜ, BANKET, SOU PROQRAM VƏ KORPORATİVLƏRİNİZ ÜÇÜN BÜTÜN RESTORANLAR BURADA. "
https://shadliq.az/az/rest-time-restoran-novxani,Rest Time Restoran,055-209-08-07,,Novxanı,40.40926169999999,49.86709240000005,,,☎ BİR KLİKLƏ ƏLAQƏ055-209-08-07,,GƏLİNLİKLƏR; GÖZƏLLİK SALONLARI; TOY MAŞINI; DEKORASİYA & DİZAYN; RƏQS QRUPLARI,"Ad günü, Nişan, Toy, Xına",https://shadliq.az/uploads/fields/2024/08/rest-time-resturant-_51_1.jpg,"BAKININ 200-dən ÇOX RESTORAN VƏ SADLIQ SARAYLARİ BAZASI. TOY, NİSAN, XİNAYAXDİ,AD GÜNÜ, BANKET, SOU PROQRAM VƏ KORPORATİVLƏRİNİZ ÜÇÜN BÜTÜN RESTORANLAR BURADA. "
https://shadliq.az/az/altun-sadliq-sarayi,Altun Restoran,055-270-06-00,,"8 km, M. Əliyev küç. 9B",40.40926169999999,49.86709240000005,,,"8 km, M. Əliyev küç. 9B | 055-270-06-00055-270-06-00 | ☎ BİR KLİKLƏ ƏLAQƏ055-270-06-00055-270-06-00",,GƏLİNLİKLƏR; GÖZƏLLİK SALONLARI; TOY MAŞINI; DEKORASİYA & DİZAYN; RƏQS QRUPLARI,"Ad günü, Nişan, Toy, Xına",https://shadliq.az/uploads/fields/2021/12/altun_restoran_saray.jpg,"Altun restoranı - şou zalı, kabinetlər, banket zalları və toy zallarından ibarətdir. Qısa müddətli fəaliyyətimizə baxmayaraq bütün növ xidmətlərimizin keyfiyyətinə görə öncül sıralardan birini tuturuq. Restoranımızda təşkil olunan şou proqramlar müştərilərin könlünü oxşayır. Restoran quruluşuna görə ilin bütün fəsillərində insanların təbiətlə təmasına şərait yaradır. Peşəkər aşbazlar milli və avropa mətbəxinin ənənəsinə müvafiq yeməklər hazırlayırlar. Ləziz mətbəx, yüksək səviyyəli xidmət bizim "
https://shadliq.az/az/my-way-hall-sadliq-sarayi,My Way Hall,"050-656-32-42, 055-209-21-11",,Mikayıl Əliyev 33,40.40926169999999,49.86709240000005,,,055-209-21-11050-656-32-42,Böyük zal:350 nəfərOrta Zal:160 nəfərKiçik zal:80 nəfərAçıq Havada:600 nəfər,GƏLİNLİKLƏR; GÖZƏLLİK SALONLARI; TOY MAŞINI; DEKORASİYA & DİZAYN; RƏQS QRUPLARI,"Ad günü, Nişan, Toy, Xına",https://shadliq.az/uploads/fields/2023/04/my_way.jpg,"BAKININ 200-dən ÇOX RESTORAN VƏ SADLIQ SARAYLARİ BAZASI. TOY, NİSAN, XİNAYAXDİ,AD GÜNÜ, BANKET, SOU PROQRAM VƏ KORPORATİVLƏRİNİZ ÜÇÜN BÜTÜN RESTORANLAR BURADA. "
https://shadliq.az/az/lido-restorani,LIDO Restoran,055-436-20-21,,7 mkr. Atatürk 70,40.40926169999999,49.86709240000005,,,055-436-20-21055-436-20-21 | Lido Restoranı Mouline Rouge Hall toy tədbirlərinizi burada keçirmək üçün gözləyir.*Restoranımıza gəlməkdən öncə zəng vuraraq administratorla görüş saatı təyin edin. | Lido Restoranı Mouline Rouge Hall toy tədbirlərinizi burada keçirmək üçün gözləyir.,Moulin Rouge zali:100-200Açıq havada:200-400Kabinetlər,GƏLİNLİKLƏR; GÖZƏLLİK SALONLARI; TOY MAŞINI; DEKORASİYA & DİZAYN; RƏQS QRUPLARI,"Ad günü, Nişan, Toy, Xına",https://shadliq.az/uploads/fields/2022/05/lido-restoran-1200.jpg; https://shadliq.az/uploads/fields/2022/05/lidorestoranbaku.jpg,"Lido Restoranı Bakıda 7 MKR ərazisində Ayna Sultanova heykəlinin yaxınlığında yerləşir. Sayt vasitəsilə Lido restoranı menyu qiymətləri,Lido Restoran instagram səhifəsində yerləşdirilən foto materiallar ilə tanış ola bilərsiniz. Lido Restorani Bakı şəhərində şou proqram olan restoran siyahısında sırf ailəvi bir məkan olması ilə xüsusilə digərlərindən fərqlənir. Ailəvi İstirahət mərkəzi hər gün canlı musuqi, populyar müğənnilərdən ibarət şou proqramlarla dolu gecələrində sizi gözləyir. Yay ayları"
https://shadliq.az/az/milord-sadliq-sarayi,Milord Saray,012-511-03-35,,8 km M. Əliyev 24/8,40.40926169999999,49.86709240000005,,,,,GƏLİNLİKLƏR; GÖZƏLLİK SALONLARI; TOY MAŞINI; DEKORASİYA & DİZAYN; RƏQS QRUPLARI,"Ad günü, Nişan, Toy, Xına",https://shadliq.az/uploads/fields/2022/05/milord_saray_12001.jpg,"BAKININ 200-dən ÇOX RESTORAN VƏ SADLIQ SARAYLARİ BAZASI. TOY, NİSAN, XİNAYAXDİ,AD GÜNÜ, BANKET, SOU PROQRAM VƏ KORPORATİVLƏRİNİZ ÜÇÜN BÜTÜN RESTORANLAR BURADA. "
https://shadliq.az/az/bliss-land-restoran,Bliss Land Restoran,"050-784-42-42, 051-774-95-95",,Bakıxanov qəs.,40.40926169999999,49.86709240000005,,,051-774-95-95051-774-95-95 | ZALLARTornado zalı:800 nəfərBanket Zalı:150 nəfərKabinetlər:10 nəfər,Tornado zalı:800 nəfərBanket Zalı:150 nəfərKabinetlər:10 nəfər,GƏLİNLİKLƏR; GÖZƏLLİK SALONLARI; TOY MAŞINI; DEKORASİYA & DİZAYN; RƏQS QRUPLARI,"Ad günü, Nişan, Toy, Xına",https://shadliq.az/uploads/fields/2022/03/bliss_land_restoran2.jpg; https://shadliq.az/uploads/fields/2022/03/bliss_land_restoran.jpg,"BAKININ 200-dən ÇOX RESTORAN VƏ SADLIQ SARAYLARİ BAZASI. TOY, NİSAN, XİNAYAXDİ,AD GÜNÜ, BANKET, SOU PROQRAM VƏ KORPORATİVLƏRİNİZ ÜÇÜN BÜTÜN RESTORANLAR BURADA. "
https://shadliq.az/az/sultan-sadliq-sarayi,Sultan Saray,055-259-80-80,,8 km B. Çobanzadə 23,40.40926169999999,49.86709240000005,,,☎ BİR KLİKLƏ ƏLAQƏ055-259-80-80,,GƏLİNLİKLƏR; GÖZƏLLİK SALONLARI; TOY MAŞINI; DEKORASİYA & DİZAYN; RƏQS QRUPLARI,"Ad günü, Nişan, Toy, Xına",https://shadliq.az/uploads/fields/2022/01/sultan-sadliq-sarayi-_2.jpg,"BAKININ 200-dən ÇOX RESTORAN VƏ SADLIQ SARAYLARİ BAZASI. TOY, NİSAN, XİNAYAXDİ,AD GÜNÜ, BANKET, SOU PROQRAM VƏ KORPORATİVLƏRİNİZ ÜÇÜN BÜTÜN RESTORANLAR BURADA. "
https://shadliq.az/az/su-sesi-sadliq-sarayi,Su səsi,"012-374-33-33, 012-374-57-57",,M.Əliyev,40.40926169999999,49.86709240000005,,,012-374-33-33012-374-57-57,",",GƏLİNLİKLƏR; GÖZƏLLİK SALONLARI; TOY MAŞINI; DEKORASİYA & DİZAYN; RƏQS QRUPLARI,"Ad günü, Nişan, Toy, Xına",https://shadliq.az/uploads/fields/2021/11/su-sesi-sadliq-sarayi-2020-_49_1.jpg,"BAKININ 200-dən ÇOX RESTORAN VƏ SADLIQ SARAYLARİ BAZASI. TOY, NİSAN, XİNAYAXDİ,AD GÜNÜ, BANKET, SOU PROQRAM VƏ KORPORATİVLƏRİNİZ ÜÇÜN BÜTÜN RESTORANLAR BURADA. "
https://shadliq.az/az/siyaqut-sadliq-sarayi,Siyaqut Plaza,012-374-51-51,,8 km B.Nuriyev 42A,40.40926169999999,49.86709240000005,,,,",",GƏLİNLİKLƏR; GÖZƏLLİK SALONLARI; TOY MAŞINI; DEKORASİYA & DİZAYN; RƏQS QRUPLARI,"Ad günü, Nişan, Toy, Xına",https://shadliq.az/uploads/fields/2021/10/siyaqut-plaza-sadliq-sarayi-_14.jpg,"BAKININ 200-dən ÇOX RESTORAN VƏ SADLIQ SARAYLARİ BAZASI. TOY, NİSAN, XİNAYAXDİ,AD GÜNÜ, BANKET, SOU PROQRAM VƏ KORPORATİVLƏRİNİZ ÜÇÜN BÜTÜN RESTORANLAR BURADA. "
https://shadliq.az/az/ciraq-palas-sadliq-sarayi,Çıraq Palas,012-561-61-01,,7 mkr S.S.Axundov 20A,40.40926169999999,49.86709240000005,,,7 mkr S.S.Axundov 20A,",",GƏLİNLİKLƏR; GÖZƏLLİK SALONLARI; TOY MAŞINI; DEKORASİYA & DİZAYN; RƏQS QRUPLARI,"Ad günü, Nişan, Toy, Xına",https://shadliq.az/uploads/fields/2021/10/BX0A5912.jpg,"BAKININ 200-dən ÇOX RESTORAN VƏ SADLIQ SARAYLARİ BAZASI. TOY, NİSAN, XİNAYAXDİ,AD GÜNÜ, BANKET, SOU PROQRAM VƏ KORPORATİVLƏRİNİZ ÜÇÜN BÜTÜN RESTORANLAR BURADA. "
https://shadliq.az/az/arena-sadliq-sarayi,Arena Saray,"012-465-16-16, 012-465-88-39",,Koroğlu Rəhimov 15,40.40926169999999,49.86709240000005,,,012-465-88-39012-465-16-16,",",GƏLİNLİKLƏR; GÖZƏLLİK SALONLARI; TOY MAŞINI; DEKORASİYA & DİZAYN; RƏQS QRUPLARI,"Ad günü, Nişan, Toy, Xına",https://shadliq.az/uploads/fields/2021/10/abu-arena-sadliq-sarayi-hall-baki-2020-_51.jpg,"BAKININ 200-dən ÇOX RESTORAN VƏ SADLIQ SARAYLARİ BAZASI. TOY, NİSAN, XİNAYAXDİ,AD GÜNÜ, BANKET, SOU PROQRAM VƏ KORPORATİVLƏRİNİZ ÜÇÜN BÜTÜN RESTORANLAR BURADA. "
https://shadliq.az/az/park-meridian-sadliq-sarayi,Park Meridian,050-422-55-55,,,40.40926169999999,49.86709240000005,,,,",",GƏLİNLİKLƏR; GÖZƏLLİK SALONLARI; TOY MAŞINI; DEKORASİYA & DİZAYN; RƏQS QRUPLARI,"Ad günü, Nişan, Toy, Xına",https://shadliq.az/uploads/fields/2021/10/park-meridian-sadliq-sarayi-restorani-_1.jpg,"BAKININ 200-dən ÇOX RESTORAN VƏ SADLIQ SARAYLARİ BAZASI. TOY, NİSAN, XİNAYAXDİ,AD GÜNÜ, BANKET, SOU PROQRAM VƏ KORPORATİVLƏRİNİZ ÜÇÜN BÜTÜN RESTORANLAR BURADA. "
https://shadliq.az/az/monte-karlo-sadliq-sarayi,Monte Karlo Saray,"051-215-30-45, 055-491-53-83",,Babək pr. 22,40.40926169999999,49.86709240000005,,,,",",GƏLİNLİKLƏR; GÖZƏLLİK SALONLARI; TOY MAŞINI; DEKORASİYA & DİZAYN; RƏQS QRUPLARI,"Ad günü, Nişan, Toy, Xına",https://shadliq.az/uploads/fields/2021/10/monte-karlo-sadliq-sarayi-_81.jpg,"BAKININ 200-dən ÇOX RESTORAN VƏ SADLIQ SARAYLARİ BAZASI. TOY, NİSAN, XİNAYAXDİ,AD GÜNÜ, BANKET, SOU PROQRAM VƏ KORPORATİVLƏRİNİZ ÜÇÜN BÜTÜN RESTORANLAR BURADA. "
https://shadliq.az/az/elgun-sadliq-sarayi,Elgün Saray,055-854-84-84,,"Əhmədli, Neyrocərrahiyə İnst. yanı",40.40926169999999,49.86709240000005,,,"Əhmədli, Neyrocərrahiyə İnst. yanı",",",GƏLİNLİKLƏR; GÖZƏLLİK SALONLARI; TOY MAŞINI; DEKORASİYA & DİZAYN; RƏQS QRUPLARI,"Ad günü, Nişan, Toy, Xına",https://shadliq.az/uploads/fields/2021/10/elgun-sadliq-sarayi-_40_1.jpg,"BAKININ 200-dən ÇOX RESTORAN VƏ SADLIQ SARAYLARİ BAZASI. TOY, NİSAN, XİNAYAXDİ,AD GÜNÜ, BANKET, SOU PROQRAM VƏ KORPORATİVLƏRİNİZ ÜÇÜN BÜTÜN RESTORANLAR BURADA. "
https://shadliq.az/az/movida-plaza-sadliq-evi,Movida Plaza,012-408-34-88,,Əhmədli N. Tusi 11A,40.40926169999999,49.86709240000005,,,,",",GƏLİNLİKLƏR; GÖZƏLLİK SALONLARI; TOY MAŞINI; DEKORASİYA & DİZAYN; RƏQS QRUPLARI,"Ad günü, Nişan, Toy, Xına",https://shadliq.az/uploads/fields/2021/10/movida-plaza-sadliq-sarayi-_62.jpg,"BAKININ 200-dən ÇOX RESTORAN VƏ SADLIQ SARAYLARİ BAZASI. TOY, NİSAN, XİNAYAXDİ,AD GÜNÜ, BANKET, SOU PROQRAM VƏ KORPORATİVLƏRİNİZ ÜÇÜN BÜTÜN RESTORANLAR BURADA. "
https://shadliq.az/az/venera-sadliq-sarayi,Venera Saray,012-514-52-52,,"Babək, pr-t 37",40.40926169999999,49.86709240000005,,,,",",GƏLİNLİKLƏR; GÖZƏLLİK SALONLARI; TOY MAŞINI; DEKORASİYA & DİZAYN; RƏQS QRUPLARI,"Ad günü, Nişan, Toy, Xına",https://shadliq.az/uploads/fields/2021/10/venera-sadliq-sarayi-restorani-_56.jpg,"BAKININ 200-dən ÇOX RESTORAN VƏ SADLIQ SARAYLARİ BAZASI. TOY, NİSAN, XİNAYAXDİ,AD GÜNÜ, BANKET, SOU PROQRAM VƏ KORPORATİVLƏRİNİZ ÜÇÜN BÜTÜN RESTORANLAR BURADA. "
https://shadliq.az/az/mona-liza-restoran,Mona Liza Saray,012-564-07-40,,"Nərimanov M. / Çəmənzəminli,15",40.40926169999999,49.86709240000005,,,"Nərimanov M. / Çəmənzəminli,15",",",GƏLİNLİKLƏR; GÖZƏLLİK SALONLARI; TOY MAŞINI; DEKORASİYA & DİZAYN; RƏQS QRUPLARI,"Ad günü, Nişan, Toy, Xına",https://shadliq.az/uploads/fields/2021/10/mona-liza-sadliq-sarayi-restorani-_91.jpg,"BAKININ 200-dən ÇOX RESTORAN VƏ SADLIQ SARAYLARİ BAZASI. TOY, NİSAN, XİNAYAXDİ,AD GÜNÜ, BANKET, SOU PROQRAM VƏ KORPORATİVLƏRİNİZ ÜÇÜN BÜTÜN RESTORANLAR BURADA. "
https://shadliq.az/az/cidir-duzu-sadliq-sarayi,Cıdır Düzü,012-561-79-68,,7 mkr S.S.Axundov 1,40.40926169999999,49.86709240000005,,,,",",GƏLİNLİKLƏR; GÖZƏLLİK SALONLARI; TOY MAŞINI; DEKORASİYA & DİZAYN; RƏQS QRUPLARI,"Ad günü, Nişan, Toy, Xına",https://shadliq.az/uploads/fields/2021/10/cidir-duzu-sadliq-sarayi-2020-_44.jpg,"BAKININ 200-dən ÇOX RESTORAN VƏ SADLIQ SARAYLARİ BAZASI. TOY, NİSAN, XİNAYAXDİ,AD GÜNÜ, BANKET, SOU PROQRAM VƏ KORPORATİVLƏRİNİZ ÜÇÜN BÜTÜN RESTORANLAR BURADA. "
https://shadliq.az/az/mirana-palace-sadliq-sarayi,Mirana Palace,,,"Əhmədli , Neapol Dairəsi yax. Telnov küç. 3",40.40926169999999,49.86709240000005,,,"Əhmədli , Neapol Dairəsi yax. Telnov küç. 3",",",GƏLİNLİKLƏR; GÖZƏLLİK SALONLARI; TOY MAŞINI; DEKORASİYA & DİZAYN; RƏQS QRUPLARI,"Ad günü, Nişan, Toy, Xına",https://shadliq.az/uploads/fields/2021/10/mirana-palace-sadliq-sarayi-_3.jpg,"BAKININ 200-dən ÇOX RESTORAN VƏ SADLIQ SARAYLARİ BAZASI. TOY, NİSAN, XİNAYAXDİ,AD GÜNÜ, BANKET, SOU PROQRAM VƏ KORPORATİVLƏRİNİZ ÜÇÜN BÜTÜN RESTORANLAR BURADA. "
https://shadliq.az/az/susa-sadliq-sarayi,Şuşa Saray,012-496-28-85,,Təbriz küç.61 (N.Nərimanov),40.40926169999999,49.86709240000005,,,Təbriz küç.61 (N.Nərimanov),",",GƏLİNLİKLƏR; GÖZƏLLİK SALONLARI; TOY MAŞINI; DEKORASİYA & DİZAYN; RƏQS QRUPLARI,"Ad günü, Nişan, Toy, Xına",https://shadliq.az/uploads/fields/2021/10/susa-sadliq-sarayi-restorani-2020-_1.jpg,"BAKININ 200-dən ÇOX RESTORAN VƏ SADLIQ SARAYLARİ BAZASI. TOY, NİSAN, XİNAYAXDİ,AD GÜNÜ, BANKET, SOU PROQRAM VƏ KORPORATİVLƏRİNİZ ÜÇÜN BÜTÜN RESTORANLAR BURADA. "
https://shadliq.az/az/diva-plaza-saray,Diva Plaza,012-465-01-00,,N.Nərimanov Metr. Ak. H. Əliyev 141,40.40926169999999,49.86709240000005,,,N.Nərimanov Metr. Ak. H. Əliyev 141,",",GƏLİNLİKLƏR; GÖZƏLLİK SALONLARI; TOY MAŞINI; DEKORASİYA & DİZAYN; RƏQS QRUPLARI,"Ad günü, Nişan, Toy, Xına",https://shadliq.az/uploads/fields/2021/10/diva-plaza-sadliq-sarayi-_16.jpg,"BAKININ 200-dən ÇOX RESTORAN VƏ SADLIQ SARAYLARİ BAZASI. TOY, NİSAN, XİNAYAXDİ,AD GÜNÜ, BANKET, SOU PROQRAM VƏ KORPORATİVLƏRİNİZ ÜÇÜN BÜTÜN RESTORANLAR BURADA. "
https://shadliq.az/az/elsen-palace-sadliq-sarayi,Elşən Palace,012-447-58-28,,8 km / M. Əliyev küç. 1,40.40926169999999,49.86709240000005,,,8 km / M. Əliyev küç. 1,",",GƏLİNLİKLƏR; GÖZƏLLİK SALONLARI; TOY MAŞINI; DEKORASİYA & DİZAYN; RƏQS QRUPLARI,"Ad günü, Nişan, Toy, Xına",https://shadliq.az/uploads/fields/2021/10/elsen-sadliq-sarayi-palace-_68.jpg,"BAKININ 200-dən ÇOX RESTORAN VƏ SADLIQ SARAYLARİ BAZASI. TOY, NİSAN, XİNAYAXDİ,AD GÜNÜ, BANKET, SOU PROQRAM VƏ KORPORATİVLƏRİNİZ ÜÇÜN BÜTÜN RESTORANLAR BURADA. "
https://shadliq.az/az/kremlin-hall-sadliq-sarayi,Kremlin Hall,012-375-07-00,,"Əhmədli, Telnov 23",40.40926169999999,49.86709240000005,,,,",",GƏLİNLİKLƏR; GÖZƏLLİK SALONLARI; TOY MAŞINI; DEKORASİYA & DİZAYN; RƏQS QRUPLARI,"Ad günü, Nişan, Toy, Xına",https://shadliq.az/uploads/fields/2021/10/kremlin-hall-sadliq-sarayi-_152.jpg,"BAKININ 200-dən ÇOX RESTORAN VƏ SADLIQ SARAYLARİ BAZASI. TOY, NİSAN, XİNAYAXDİ,AD GÜNÜ, BANKET, SOU PROQRAM VƏ KORPORATİVLƏRİNİZ ÜÇÜN BÜTÜN RESTORANLAR BURADA. "
https://shadliq.az/az/brilyant-sadliq-sarayi-masazir,Brilyant Saray,012-347-90-50,,"Masazır, Mərkəzi Yol",40.40926169999999,49.86709240000005,,,,",",GƏLİNLİKLƏR; GÖZƏLLİK SALONLARI; TOY MAŞINI; DEKORASİYA & DİZAYN; RƏQS QRUPLARI,"Ad günü, Nişan, Toy, Xına",https://shadliq.az/uploads/fields/2021/10/brilyant-saray-_72.jpg,"BAKININ 200-dən ÇOX RESTORAN VƏ SADLIQ SARAYLARİ BAZASI. TOY, NİSAN, XİNAYAXDİ,AD GÜNÜ, BANKET, SOU PROQRAM VƏ KORPORATİVLƏRİNİZ ÜÇÜN BÜTÜN RESTORANLAR BURADA. "
https://shadliq.az/az/bahar-sadliq-sarayi,Bahar Saray,012-375-33-30,,"8 km M. Gəncəvi,132",40.40926169999999,49.86709240000005,,,,",",GƏLİNLİKLƏR; GÖZƏLLİK SALONLARI; TOY MAŞINI; DEKORASİYA & DİZAYN; RƏQS QRUPLARI,"Ad günü, Nişan, Toy, Xına",https://shadliq.az/uploads/fields/2021/10/bahar-sadliq-sarayi-_84.jpg,"BAKININ 200-dən ÇOX RESTORAN VƏ SADLIQ SARAYLARİ BAZASI. TOY, NİSAN, XİNAYAXDİ,AD GÜNÜ, BANKET, SOU PROQRAM VƏ KORPORATİVLƏRİNİZ ÜÇÜN BÜTÜN RESTORANLAR BURADA. "
https://shadliq.az/az/zirve-sadliq-sarayi,Zirvə Saray,012-561-77-00,,7 MKR,40.40926169999999,49.86709240000005,,,,",",GƏLİNLİKLƏR; GÖZƏLLİK SALONLARI; TOY MAŞINI; DEKORASİYA & DİZAYN; RƏQS QRUPLARI,"Ad günü, Nişan, Toy, Xına",https://shadliq.az/uploads/fields/2021/10/zirve-sadliq-sarayi-_7.jpg,"BAKININ 200-dən ÇOX RESTORAN VƏ SADLIQ SARAYLARİ BAZASI. TOY, NİSAN, XİNAYAXDİ,AD GÜNÜ, BANKET, SOU PROQRAM VƏ KORPORATİVLƏRİNİZ ÜÇÜN BÜTÜN RESTORANLAR BURADA. "
https://shadliq.az/az/golden-ring-sadliq-sarayi,Golden Ring Saray,012-374-09-09,,8 km / B. Çobanzadə 2403,40.40926169999999,49.86709240000005,,,8 km / B. Çobanzadə 2403,",",GƏLİNLİKLƏR; GÖZƏLLİK SALONLARI; TOY MAŞINI; DEKORASİYA & DİZAYN; RƏQS QRUPLARI,"Ad günü, Nişan, Toy, Xına",https://shadliq.az/uploads/fields/2021/10/golden-ring-sadliq-sarayi-_98_1_1.jpg,"BAKININ 200-dən ÇOX RESTORAN VƏ SADLIQ SARAYLARİ BAZASI. TOY, NİSAN, XİNAYAXDİ,AD GÜNÜ, BANKET, SOU PROQRAM VƏ KORPORATİVLƏRİNİZ ÜÇÜN BÜTÜN RESTORANLAR BURADA. "
https://shadliq.az/az/aysun-sadliq-evi,Aysun Saray,012-424-23-34,,Babək pr. 36,40.40926169999999,49.86709240000005,,,QİYMƏT27-35 aznBaşlanğıc Menyu,",",GƏLİNLİKLƏR; GÖZƏLLİK SALONLARI; TOY MAŞINI; DEKORASİYA & DİZAYN; RƏQS QRUPLARI,"Ad günü, Nişan, Toy, Xına",https://shadliq.az/uploads/fields/2021/10/aysun-sadliq-sarayi-baki-2020-instaqram-_23_1.jpg,"BAKININ 200-dən ÇOX RESTORAN VƏ SADLIQ SARAYLARİ BAZASI. TOY, NİSAN, XİNAYAXDİ,AD GÜNÜ, BANKET, SOU PROQRAM VƏ KORPORATİVLƏRİNİZ ÜÇÜN BÜTÜN RESTORANLAR BURADA. "
https://shadliq.az/az/neptun-sadliq-sarayi,Neptun Saray,012-422-87-88,,8 km / M. Əliyev 9A,40.40926169999999,49.86709240000005,,,QİYMƏT40 aznBaşlanğıc Menyu,",",GƏLİNLİKLƏR; GÖZƏLLİK SALONLARI; TOY MAŞINI; DEKORASİYA & DİZAYN; RƏQS QRUPLARI,"Ad günü, Nişan, Toy, Xına",https://shadliq.az/uploads/fields/2021/10/neptun-saray-sadliq-restoran-12000.jpg,"BAKININ 200-dən ÇOX RESTORAN VƏ SADLIQ SARAYLARİ BAZASI. TOY, NİSAN, XİNAYAXDİ,AD GÜNÜ, BANKET, SOU PROQRAM VƏ KORPORATİVLƏRİNİZ ÜÇÜN BÜTÜN RESTORANLAR BURADA. "
https://shadliq.az/az/imperial-sadliq-sarayi,İmperial Saray,012-431-87-82,,"Şamaxinka,1 mkr A. Məhərrəmov 1",40.40926169999999,49.86709240000005,,,"Şamaxinka,1 mkr A. Məhərrəmov 1 | QİYMƏT60 aznBaşlanğıc Menyu",",",GƏLİNLİKLƏR; GÖZƏLLİK SALONLARI; TOY MAŞINI; DEKORASİYA & DİZAYN; RƏQS QRUPLARI,"Ad günü, Nişan, Toy, Xına",https://shadliq.az/uploads/fields/2021/10/imperial-sadliq-sarayi-restorani-1200.jpg,"BAKININ 200-dən ÇOX RESTORAN VƏ SADLIQ SARAYLARİ BAZASI. TOY, NİSAN, XİNAYAXDİ,AD GÜNÜ, BANKET, SOU PROQRAM VƏ KORPORATİVLƏRİNİZ ÜÇÜN BÜTÜN RESTORANLAR BURADA. "
https://shadliq.az/az/sofiya-sadliq-sarayi,Sofiya Saray,"012-430-40-80, 012-430-80-70",,"4 MKR, 20 Yanvar küç. 82",40.40926169999999,49.86709240000005,,,"4 MKR, 20 Yanvar küç. 82 | QİYMƏT38 aznBaşlanğıc Menyu",",",GƏLİNLİKLƏR; GÖZƏLLİK SALONLARI; TOY MAŞINI; DEKORASİYA & DİZAYN; RƏQS QRUPLARI,"Ad günü, Nişan, Toy, Xına",https://shadliq.az/uploads/gallery/sofiya-sadliq-sarayi-baki-2020-yeni-_34.jpg,Sofiya- bura sıradan bir yer deyil. Kübarlığın təcəssümünü özündə əks etdirən məclislər məkanıdır. Məhz buranı kübar insanlar bəyənir və seçir. kiçik və böyük toy zallarımızda keçirəcəyiniz məclislər həyatınıza unudulmaz anlarla həkk olunacaq. Hər kəsə özəl parkinq xidməti isə qonaqların rahatlığı üçün nəzərdə tutulmuşdur.
https://shadliq.az/az/yeni-saray-masazir-sadliq-sarayi,Yeni Saray,050-657-70-20,,"Masazir, Qurtuluş 93 qarşısı",40.40926169999999,49.86709240000005,,,"Masazir, Qurtuluş 93 qarşısı",",",GƏLİNLİKLƏR; GÖZƏLLİK SALONLARI; TOY MAŞINI; DEKORASİYA & DİZAYN; RƏQS QRUPLARI,"Ad günü, Nişan, Toy, Xına",https://shadliq.az/uploads/fields/2021/10/yeni-saray-sadliq-evi-masazir-1200.jpg,"BAKININ 200-dən ÇOX RESTORAN VƏ SADLIQ SARAYLARİ BAZASI. TOY, NİSAN, XİNAYAXDİ,AD GÜNÜ, BANKET, SOU PROQRAM VƏ KORPORATİVLƏRİNİZ ÜÇÜN BÜTÜN RESTORANLAR BURADA. "
https://shadliq.az/az/xan-sarayi-sadliq-sarayi,Xan Sarayı - Xan Bağı,"012-323-49-49, 012-437-85-15, 012-437-85-15,012-323-49-49",,8 km / B. Çobanzadə 2,40.40926169999999,49.86709240000005,,,"8 km / B. Çobanzadə 2 | 012-437-85-15,012-323-49-49 | QİYMƏT₼ 0-40 azn₼₼ 40-60 azn₼₼₼ 60-100 azn₼₼₼₼ 100-200 azn₼₼₼₼₼ 200-300 azn.",",",GƏLİNLİKLƏR; GÖZƏLLİK SALONLARI; TOY MAŞINI; DEKORASİYA & DİZAYN; RƏQS QRUPLARI,"Ad günü, Nişan, Toy, Xına",https://shadliq.az/uploads/fields/2021/10/xan-bagi-sadliq-evi-1200b.jpg,"BAKININ 200-dən ÇOX RESTORAN VƏ SADLIQ SARAYLARİ BAZASI. TOY, NİSAN, XİNAYAXDİ,AD GÜNÜ, BANKET, SOU PROQRAM VƏ KORPORATİVLƏRİNİZ ÜÇÜN BÜTÜN RESTORANLAR BURADA. "
https://shadliq.az/az/inci-sadliq-sarayi,İnci Saray,012-323-18-20,,8 km. Q. Qarayev Metrosu arxası,40.40926169999999,49.86709240000005,,,8 km. Q. Qarayev Metrosu arxası,",",GƏLİNLİKLƏR; GÖZƏLLİK SALONLARI; TOY MAŞINI; DEKORASİYA & DİZAYN; RƏQS QRUPLARI,"Ad günü, Nişan, Toy, Xına",https://shadliq.az/uploads/fields/2021/10/inci-sadliq-sarayi-restorani-_1_1.jpg,"BAKININ 200-dən ÇOX RESTORAN VƏ SADLIQ SARAYLARİ BAZASI. TOY, NİSAN, XİNAYAXDİ,AD GÜNÜ, BANKET, SOU PROQRAM VƏ KORPORATİVLƏRİNİZ ÜÇÜN BÜTÜN RESTORANLAR BURADA. "
https://shadliq.az/az/grand-opera,Grand Opera,"050-620-09-09, 055-555-09-09",,"8 Km?, Çobanzadə küç. 58",40.40926169999999,49.86709240000005,,,"8 Km?, Çobanzadə küç. 58 | 050-620-09-09055-555-09-09 | QİYMƏTBaşlanğıc Menyu",Toy zalı:,GƏLİNLİKLƏR; GÖZƏLLİK SALONLARI; TOY MAŞINI; DEKORASİYA & DİZAYN; RƏQS QRUPLARI,"Ad günü, Nişan, Toy, Xına",https://shadliq.az/uploads/fields/2021/10/grand_opera_sadliq_sarayi_1200_1.jpg,"BAKININ 200-dən ÇOX RESTORAN VƏ SADLIQ SARAYLARİ BAZASI. TOY, NİSAN, XİNAYAXDİ,AD GÜNÜ, BANKET, SOU PROQRAM VƏ KORPORATİVLƏRİNİZ ÜÇÜN BÜTÜN RESTORANLAR BURADA. "
https://shadliq.az/az/hollywood-sadliq-sarayi,Hollywood Saray,012-562-91-81,,7 mkr Azadlıq pr.145,40.40926169999999,49.86709240000005,,,QİYMƏTx aznBaşlanğıc Menyu,",",GƏLİNLİKLƏR; GÖZƏLLİK SALONLARI; TOY MAŞINI; DEKORASİYA & DİZAYN; RƏQS QRUPLARI,"Ad günü, Nişan, Toy, Xına",https://shadliq.az/uploads/fields/2021/10/hollywood-sadliq-sarayi-_3.jpg,"BAKININ 200-dən ÇOX RESTORAN VƏ SADLIQ SARAYLARİ BAZASI. TOY, NİSAN, XİNAYAXDİ,AD GÜNÜ, BANKET, SOU PROQRAM VƏ KORPORATİVLƏRİNİZ ÜÇÜN BÜTÜN RESTORANLAR BURADA. "
https://shadliq.az/az/romance-hall-sadliq-sarayi,Romance Hall,050-437-99-99,,8 km. M.Abbasov 22,40.40926169999999,49.86709240000005,,,QİYMƏT100 aznBaşlanğıc Menyu,Toy zalı:,GƏLİNLİKLƏR; GÖZƏLLİK SALONLARI; TOY MAŞINI; DEKORASİYA & DİZAYN; RƏQS QRUPLARI,"Ad günü, Nişan, Toy, Xına",https://shadliq.az/uploads/fields/2021/10/romans-hal-sadliq-sarayi-1200.jpg,"BAKININ 200-dən ÇOX RESTORAN VƏ SADLIQ SARAYLARİ BAZASI. TOY, NİSAN, XİNAYAXDİ,AD GÜNÜ, BANKET, SOU PROQRAM VƏ KORPORATİVLƏRİNİZ ÜÇÜN BÜTÜN RESTORANLAR BURADA. "
https://shadliq.az/az/real-sadliq-sarayi,Real Saray,012-370-31-30,,8 km B. Çobanzadə 25,40.40926169999999,49.86709240000005,,,QİYMƏTx aznBaşlanğıc Menyu | ZALLARToy zalı:200-450Kiçik Zal,Toy zalı:200-450Kiçik Zal,GƏLİNLİKLƏR; GÖZƏLLİK SALONLARI; TOY MAŞINI; DEKORASİYA & DİZAYN; RƏQS QRUPLARI,"Ad günü, Nişan, Toy, Xına",https://shadliq.az/uploads/fields/2021/10/real_sadliq_sarayi_1200_1.jpg,"BAKININ 200-dən ÇOX RESTORAN VƏ SADLIQ SARAYLARİ BAZASI. TOY, NİSAN, XİNAYAXDİ,AD GÜNÜ, BANKET, SOU PROQRAM VƏ KORPORATİVLƏRİNİZ ÜÇÜN BÜTÜN RESTORANLAR BURADA. "
https://shadliq.az/az/oazis-restoran,Oazis Restoran Bayil,055-277-50-50,,"Bayil, Bayraq Meydanı yanı",40.40926169999999,49.86709240000005,,,"Bayil, Bayraq Meydanı yanı | QİYMƏT30 aznBaşlanğıc Menyu",Açıq Hava MəkanıÜmumi Şou ZalıBanket Zalı,GƏLİNLİKLƏR; GÖZƏLLİK SALONLARI; TOY MAŞINI; DEKORASİYA & DİZAYN; RƏQS QRUPLARI,"Ad günü, Nişan, Toy, Xına",https://shadliq.az/uploads/fields/2019/03/oazis_restoran_2.jpg,"Yeni oazis restoran unvani, Əlaqə üçün zəng edin. Yeni oazis restorani ailənizin istirahət edə biləcəyi ən gözəl sou proqram dolu restoranlardandır. Yeni Oazis qonaqlarını yeni unvanda qarşılayır. unvan Bayıl qəsəbəsi, Gülbala Əliyev 24 unvanindadir. her gun canli sou proqram, populyar ifacilardan ibaret canlı sou konsert dolu geceler."
https://shadliq.az/az/xezine-palace-sadliq-sarayi,Xəzinə Palace,"012-599-16-16, 050-266-01-11",,"Xırdalan, H.Z. Tağıyev küç.",40.40926169999999,49.86709240000005,,,"Xırdalan, H.Z. Tağıyev küç. | 012-599-16-16050-266-01-11050-266-01-11",Qızıl Zal:350-600Gümüş Zal:200-350Şərq Zal:50-120,GƏLİNLİKLƏR; GÖZƏLLİK SALONLARI; TOY MAŞINI; DEKORASİYA & DİZAYN; RƏQS QRUPLARI,"Ad günü, Nişan, Toy, Xına",https://shadliq.az/uploads/fields/2019/01/xezine-palace-sadliq-sarayi-1200.jpg; https://shadliq.az/uploads/fields/2019/01/xezine-palace-sadliq-sarayi-xirdalan-1200.jpg,"BAKININ 200-dən ÇOX RESTORAN VƏ SADLIQ SARAYLARİ BAZASI. TOY, NİSAN, XİNAYAXDİ,AD GÜNÜ, BANKET, SOU PROQRAM VƏ KORPORATİVLƏRİNİZ ÜÇÜN BÜTÜN RESTORANLAR BURADA. "
https://shadliq.az/az/tural-sadliq-sarayi-seven-urekler,Tural Palace,012-374-23-74,,Babək Pr.23/15 Maşın bazarı,40.40926169999999,49.86709240000005,,,Babək Pr.23/15 Maşın bazarı,",",GƏLİNLİKLƏR; GÖZƏLLİK SALONLARI; TOY MAŞINI; DEKORASİYA & DİZAYN; RƏQS QRUPLARI,"Ad günü, Nişan, Toy, Xına",https://shadliq.az/uploads/fields/2021/11/tural_palace_sadliq_sarayi.jpg,"Tural Sarayı Sizə daim yüksək xidmət göstərməkdən qürur duyur! Öz şad gününüzü burada keçirmək şansını əldən qaçırmayın. Bizdə xeyir işini keçirən hər bir kəs daimi məmnun olaraq bizi xatırlayır.Məqsədimiz müştərilərin istəklərini və imkanlarını nəzərə alaraq, qonaqların zövqünün oxşayacaq tədbiri təşkil etməkdir. Biz uzun bir müddətdir ki, öz müştərilərimizin ən gözəl günlərinin təşkili ilə məşğul olduğumuz üçün bundan fəxr hissi keçiririk və bu sahədə professionallığımıza etibar edə bilərsiniz"
https://shadliq.az/az/kolizey-sadliq-sarayi,Kolizey Saray,"012-490-36-90, 055-911-14-11",,Babək pr. 25,40.40926169999999,49.86709240000005,,,012-490-36-90055-911-14-11055-911-14-11 | Sarayımıza gəlməkdən öncə zəng vuraraq administratorla görüş saatı təyin edin. | Sarayımıza gəlməkdən öncə zəng vuraraq administratorla görüş saatı təyin edin.,Kolizey: 200-500Roma: 50-200 nəfər,GƏLİNLİKLƏR; GÖZƏLLİK SALONLARI; TOY MAŞINI; DEKORASİYA & DİZAYN; RƏQS QRUPLARI,"Ad günü, Nişan, Toy, Xına",https://shadliq.az/uploads/fields/2022/10/kolizey.jpg,"BAKININ 200-dən ÇOX RESTORAN VƏ SADLIQ SARAYLARİ BAZASI. TOY, NİSAN, XİNAYAXDİ,AD GÜNÜ, BANKET, SOU PROQRAM VƏ KORPORATİVLƏRİNİZ ÜÇÜN BÜTÜN RESTORANLAR BURADA. "
https://shadliq.az/az/terlan-sadliq-sarayi,Tərlan Saray,012-560-10-00,,"9 Mkr, Mir Cəlal 115A",40.40926169999999,49.86709240000005,,,"9 Mkr, Mir Cəlal 115A | QİYMƏT27 aznBaşlanğıc Menyu",Böyük zal: 70-250kiçik zal:30-90,GƏLİNLİKLƏR; GÖZƏLLİK SALONLARI; TOY MAŞINI; DEKORASİYA & DİZAYN; RƏQS QRUPLARI,"Ad günü, Nişan, Toy, Xına",https://shadliq.az/uploads/fields/2019/11/terlan_sadliq_sarayi_1200.jpg,"BAKININ 200-dən ÇOX RESTORAN VƏ SADLIQ SARAYLARİ BAZASI. TOY, NİSAN, XİNAYAXDİ,AD GÜNÜ, BANKET, SOU PROQRAM VƏ KORPORATİVLƏRİNİZ ÜÇÜN BÜTÜN RESTORANLAR BURADA. "
https://shadliq.az/az/dalga-palace-sadliq-sarayi,Karnaval Hall,012-424-86-69,,NZS girişi,40.40926169999999,49.86709240000005,,,QİYMƏT32 aznBaşlanğıc Menyu | ZALLARToy zalı:150-400Kiçik Zal:50-200Banket Zalı:30-70,Toy zalı:150-400Kiçik Zal:50-200Banket Zalı:30-70,GƏLİNLİKLƏR; GÖZƏLLİK SALONLARI; TOY MAŞINI; DEKORASİYA & DİZAYN; RƏQS QRUPLARI,"Ad günü, Nişan, Toy, Xına",https://shadliq.az/uploads/fields/2019/11/dalga_plaza_sadliq_sarayi_1200_1.jpg; https://shadliq.az/uploads/fields/2019/11/karnaval_hall_sadliq_sarayi_1200_1.jpg,"BAKININ 200-dən ÇOX RESTORAN VƏ SADLIQ SARAYLARİ BAZASI. TOY, NİSAN, XİNAYAXDİ,AD GÜNÜ, BANKET, SOU PROQRAM VƏ KORPORATİVLƏRİNİZ ÜÇÜN BÜTÜN RESTORANLAR BURADA. "
https://shadliq.az/az/hollywood-restoran,Hollywood Restoran,"+994-70-677-97-77, Əlaqə -11:00-20:00",,7 mkr S.S. Axundov 200A,40.40926169999999,49.86709240000005,,,"7 mkr S.S. Axundov 200A | Əlaqə -11:00-20:00+994-70-677-97-77 | Zəhmət olmasa, Saray & Restorana getməzdən əvvəl zəng vuraraq administratorla vaxt təyin edin.",15 ədəd VİP zallar,GƏLİNLİKLƏR; GÖZƏLLİK SALONLARI; TOY MAŞINI; DEKORASİYA & DİZAYN; RƏQS QRUPLARI,"Ad günü, Nişan, Toy, Xına",https://shadliq.az/uploads/fields/2019/06/hollywood_restoran_1200.jpg,"BAKININ 200-dən ÇOX RESTORAN VƏ SADLIQ SARAYLARİ BAZASI. TOY, NİSAN, XİNAYAXDİ,AD GÜNÜ, BANKET, SOU PROQRAM VƏ KORPORATİVLƏRİNİZ ÜÇÜN BÜTÜN RESTORANLAR BURADA. "
https://shadliq.az/az/gunay-restaurant-baku,Günay Restaurant,051-610-03-99,,Zığ şossesi,40.40926169999999,49.86709240000005,,,051-610-03-99051-610-03-99,Toy zalı: 300-1300,GƏLİNLİKLƏR; GÖZƏLLİK SALONLARI; TOY MAŞINI; DEKORASİYA & DİZAYN; RƏQS QRUPLARI,"Ad günü, Nişan, Toy, Xına",https://shadliq.az/uploads/fields/2024/06/collage.jpg; https://shadliq.az/uploads/fields/2024/06/collage12.jpg,"BAKININ 200-dən ÇOX RESTORAN VƏ SADLIQ SARAYLARİ BAZASI. TOY, NİSAN, XİNAYAXDİ,AD GÜNÜ, BANKET, SOU PROQRAM VƏ KORPORATİVLƏRİNİZ ÜÇÜN BÜTÜN RESTORANLAR BURADA. "
https://shadliq.az/az/spring-hotel-baku-novxani,Spring Hotel Novxanı Kings Hall,070-505-03-05,,Bakı Dənizkənarı Dairəvi Yol,40.40926169999999,49.86709240000005,,,Bakı Dənizkənarı Dairəvi Yol,Kings HallMovida zalHovuz Terrace,GƏLİNLİKLƏR; GÖZƏLLİK SALONLARI; TOY MAŞINI; DEKORASİYA & DİZAYN; RƏQS QRUPLARI,"Ad günü, Nişan, Toy, Xına",https://shadliq.az/uploads/fields/2017/11/springhotel1200.jpg; https://shadliq.az/uploads/fields/2017/11/springhotel1201.jpg,"BAKININ 200-dən ÇOX RESTORAN VƏ SADLIQ SARAYLARİ BAZASI. TOY, NİSAN, XİNAYAXDİ,AD GÜNÜ, BANKET, SOU PROQRAM VƏ KORPORATİVLƏRİNİZ ÜÇÜN BÜTÜN RESTORANLAR BURADA. "
https://shadliq.az/az/elux-sadliq-sarayi,Elux Events Hall,"050-999-88-88, 050-999-88-88,",,"8 KM, Mikayil Əliyev küç., 2403-cü məhəllə",40.40926169999999,49.86709240000005,,,"8 KM, Mikayil Əliyev küç., 2403-cü məhəllə | WWW.SHADLIQ.AZ- dan zəng etdiyinizi deyin, hədiyyə qazanın. | WWW.SHADLIQ.AZ- dan zəng etdiyinizi deyin, hədiyyə qazanın.",,GƏLİNLİKLƏR; GÖZƏLLİK SALONLARI; TOY MAŞINI; DEKORASİYA & DİZAYN; RƏQS QRUPLARI,"Ad günü, Nişan, Toy, Xına",https://shadliq.az/uploads/fields/2019/07/elux_sadliq_sarayi.jpg,"BAKININ 200-dən ÇOX RESTORAN VƏ SADLIQ SARAYLARİ BAZASI. TOY, NİSAN, XİNAYAXDİ,AD GÜNÜ, BANKET, SOU PROQRAM VƏ KORPORATİVLƏRİNİZ ÜÇÜN BÜTÜN RESTORANLAR BURADA. "
https://shadliq.az/az/ramin-nur-sadliq-sarayi,Ramin Nur şadlıq sarayı,"012-424-29-16, 055-424-29-16",,NZS. Zakir Yusifov küç.,40.40926169999999,49.86709240000005,,,NZS. Zakir Yusifov küç. | QİYMƏT30 aznBaşlanğıc Menyu | ZALLARBöyük Zal:150-300Kiçik Zal:50-150,Böyük Zal:150-300Kiçik Zal:50-150,GƏLİNLİKLƏR; GÖZƏLLİK SALONLARI; TOY MAŞINI; DEKORASİYA & DİZAYN; RƏQS QRUPLARI,"Ad günü, Nişan, Toy, Xına",https://shadliq.az/uploads/fields/2019/07/ramin-nur-sadliq-sarayi-1200_1.jpg; https://shadliq.az/uploads/fields/2019/07/ramin-nur-sadliq-sarayi-1200.jpg,"TELEFON: NZS. Zakir Yusifov küç., Menyu Qiyməti: 30-45 azn , Böyük Zal:150-300, Kiçik Zal:50-150, TƏDBİRLƏRİNİZ: Toy, Kiçik Toy, Nişan, Xınayaxdı, Banket, HƏDİYYƏ: Musiqi Ansamblı, Aparıcı, Müğənnilər, Video çəkiliş, Dəvətnamə, Rəqs Qrupu, Şar & Zər Yağışı, Tort, Şampan Şəlaləsi, Bar/Furşet,"
