url,name,phone,email,address,location_short,latitude,longitude,price_per_person,views,description,hall_names,services,event_types,gallery_images,meta_description
https://shadliq.az/az/rest-time-restoran-novxani,Rest Time Restoran,055-209-08-07,,Novxanı,,40.40926169999999,49.86709240000005,,21143,☎ BİR KLİKLƏ ƏLAQƏ055-209-08-07,,GƏLİNLİKLƏR; GÖZƏLLİK SALONLARI; TOY MAŞINI; DEKORASİYA & DİZAYN; RƏQS QRUPLARI,"Ad günü, Nişan, Toy, Xına",https://shadliq.az/uploads/fields/2024/08/rest-time-resturant-_51_1.jpg,"BAKININ 200-dən ÇOX RESTORAN VƏ SADLIQ SARAYLARİ BAZASI. TOY, NİSAN, XİNAYAXDİ,AD GÜNÜ, BANKET, SOU PROQRAM VƏ KORPORATİVLƏRİNİZ ÜÇÜN BÜTÜN RESTORANLAR BURADA. "
https://shadliq.az/az/altun-sadliq-sarayi,Altun Restoran,055-270-06-00,,"8 km, M. Əliyev küç. 9B",8 km,40.40926169999999,49.86709240000005,50,172889,"8 km, M. Əliyev küç. 9B | 055-270-06-00055-270-06-00 | ☎ BİR KLİKLƏ ƏLAQƏ055-270-06-00055-270-06-00",,GƏLİNLİKLƏR; GÖZƏLLİK SALONLARI; TOY MAŞINI; DEKORASİYA & DİZAYN; RƏQS QRUPLARI,"Ad günü, Nişan, Toy, Xına",https://shadliq.az/uploads/fields/2021/12/altun_restoran_saray.jpg,"Altun restoranı - şou zalı, kabinetlər, banket zalları və toy zallarından ibarətdir. Qısa müddətli fəaliyyətimizə baxmayaraq bütün növ xidmətlərimizin keyfiyyətinə görə öncül sıralardan birini tuturuq. Restoranımızda təşkil olunan şou proqramlar müştərilərin könlünü oxşayır. Restoran quruluşuna görə ilin bütün fəsillərində insanların təbiətlə təmasına şərait yaradır. Peşəkər aşbazlar milli və avropa mətbəxinin ənənəsinə müvafiq yeməklər hazırlayırlar. Ləziz mətbəx, yüksək səviyyəli xidmət bizim "
https://shadliq.az/az/my-way-hall-sadliq-sarayi,My Way Hall,"050-656-32-42, 055-209-21-11",,Mikayıl Əliyev 33,8 Km,40.40926169999999,49.86709240000005,50,18378,055-209-21-11050-656-32-42,Böyük zal:350 nəfərOrta Zal:160 nəfərKiçik zal:80 nəfərAçıq Havada:600 nəfər,GƏLİNLİKLƏR; GÖZƏLLİK SALONLARI; TOY MAŞINI; DEKORASİYA & DİZAYN; RƏQS QRUPLARI,"Ad günü, Nişan, Toy, Xına",https://shadliq.az/uploads/fields/2023/04/my_way.jpg,"BAKININ 200-dən ÇOX RESTORAN VƏ SADLIQ SARAYLARİ BAZASI. TOY, NİSAN, XİNAYAXDİ,AD GÜNÜ, BANKET, SOU PROQRAM VƏ KORPORATİVLƏRİNİZ ÜÇÜN BÜTÜN RESTORANLAR BURADA. "
https://shadliq.az/az/lido-restorani,LIDO Restoran,055-436-20-21,,7 mkr. Atatürk 70,7 mkr,40.40926169999999,49.86709240000005,50-120,135361,055-436-20-21055-436-20-21 | Lido Restoranı Mouline Rouge Hall toy tədbirlərinizi burada keçirmək üçün gözləyir.*Restoranımıza gəlməkdən öncə zəng vuraraq administratorla görüş saatı təyin edin. | Lido Restoranı Mouline Rouge Hall toy tədbirlərinizi burada keçirmək üçün gözləyir.,Moulin Rouge zali:100-200Açıq havada:200-400Kabinetlər,GƏLİNLİKLƏR; GÖZƏLLİK SALONLARI; TOY MAŞINI; DEKORASİYA & DİZAYN; RƏQS QRUPLARI,"Ad günü, Nişan, Toy, Xına",https://shadliq.az/uploads/fields/2022/05/lido-restoran-1200.jpg; https://shadliq.az/uploads/fields/2022/05/lidorestoranbaku.jpg,"Lido Restoranı Bakıda 7 MKR ərazisində Ayna Sultanova heykəlinin yaxınlığında yerləşir. Sayt vasitəsilə Lido restoranı menyu qiymətləri,Lido Restoran instagram səhifəsində yerləşdirilən foto materiallar ilə tanış ola bilərsiniz. Lido Restorani Bakı şəhərində şou proqram olan restoran siyahısında sırf ailəvi bir məkan olması ilə xüsusilə digərlərindən fərqlənir. Ailəvi İstirahət mərkəzi hər gün canlı musuqi, populyar müğənnilərdən ibarət şou proqramlarla dolu gecələrində sizi gözləyir. Yay ayları"
https://shadliq.az/az/milord-sadliq-sarayi,Milord Saray,012-511-03-35,,8 km M. Əliyev 24/8,8 km M. Əliyev 24/8,40.40926169999999,49.86709240000005,,23284,,,GƏLİNLİKLƏR; GÖZƏLLİK SALONLARI; TOY MAŞINI; DEKORASİYA & DİZAYN; RƏQS QRUPLARI,"Ad günü, Nişan, Toy, Xına",https://shadliq.az/uploads/fields/2022/05/milord_saray_12001.jpg,"BAKININ 200-dən ÇOX RESTORAN VƏ SADLIQ SARAYLARİ BAZASI. TOY, NİSAN, XİNAYAXDİ,AD GÜNÜ, BANKET, SOU PROQRAM VƏ KORPORATİVLƏRİNİZ ÜÇÜN BÜTÜN RESTORANLAR BURADA. "
https://shadliq.az/az/bliss-land-restoran,Bliss Land Restoran,"050-784-42-42, 051-774-95-95",,Bakıxanov qəs.,Bakıxanov qəs. girəcəyi,40.40926169999999,49.86709240000005,,83691,051-774-95-95051-774-95-95 | ZALLARTornado zalı:800 nəfərBanket Zalı:150 nəfərKabinetlər:10 nəfər,Tornado zalı:800 nəfərBanket Zalı:150 nəfərKabinetlər:10 nəfər,GƏLİNLİKLƏR; GÖZƏLLİK SALONLARI; TOY MAŞINI; DEKORASİYA & DİZAYN; RƏQS QRUPLARI,"Ad günü, Nişan, Toy, Xına",https://shadliq.az/uploads/fields/2022/03/bliss_land_restoran2.jpg; https://shadliq.az/uploads/fields/2022/03/bliss_land_restoran.jpg,"BAKININ 200-dən ÇOX RESTORAN VƏ SADLIQ SARAYLARİ BAZASI. TOY, NİSAN, XİNAYAXDİ,AD GÜNÜ, BANKET, SOU PROQRAM VƏ KORPORATİVLƏRİNİZ ÜÇÜN BÜTÜN RESTORANLAR BURADA. "
https://shadliq.az/az/sultan-sadliq-sarayi,Sultan Saray,055-259-80-80,,8 km B. Çobanzadə 23,,40.40926169999999,49.86709240000005,35,55206,☎ BİR KLİKLƏ ƏLAQƏ055-259-80-80,,GƏLİNLİKLƏR; GÖZƏLLİK SALONLARI; TOY MAŞINI; DEKORASİYA & DİZAYN; RƏQS QRUPLARI,"Ad günü, Nişan, Toy, Xına",https://shadliq.az/uploads/fields/2022/01/sultan-sadliq-sarayi-_2.jpg,"BAKININ 200-dən ÇOX RESTORAN VƏ SADLIQ SARAYLARİ BAZASI. TOY, NİSAN, XİNAYAXDİ,AD GÜNÜ, BANKET, SOU PROQRAM VƏ KORPORATİVLƏRİNİZ ÜÇÜN BÜTÜN RESTORANLAR BURADA. "
https://shadliq.az/az/su-sesi-sadliq-sarayi,Su səsi,"012-374-33-33, 012-374-57-57",,M.Əliyev,M.Əliyev,40.40926169999999,49.86709240000005,,129990,012-374-33-33012-374-57-57,",",GƏLİNLİKLƏR; GÖZƏLLİK SALONLARI; TOY MAŞINI; DEKORASİYA & DİZAYN; RƏQS QRUPLARI,"Ad günü, Nişan, Toy, Xına",https://shadliq.az/uploads/fields/2021/11/su-sesi-sadliq-sarayi-2020-_49_1.jpg,"BAKININ 200-dən ÇOX RESTORAN VƏ SADLIQ SARAYLARİ BAZASI. TOY, NİSAN, XİNAYAXDİ,AD GÜNÜ, BANKET, SOU PROQRAM VƏ KORPORATİVLƏRİNİZ ÜÇÜN BÜTÜN RESTORANLAR BURADA. "
https://shadliq.az/az/siyaqut-sadliq-sarayi,Siyaqut Plaza,012-374-51-51,,8 km B.Nuriyev 42A,,40.40926169999999,49.86709240000005,,15691,,",",GƏLİNLİKLƏR; GÖZƏLLİK SALONLARI; TOY MAŞINI; DEKORASİYA & DİZAYN; RƏQS QRUPLARI,"Ad günü, Nişan, Toy, Xına",https://shadliq.az/uploads/fields/2021/10/siyaqut-plaza-sadliq-sarayi-_14.jpg,"BAKININ 200-dən ÇOX RESTORAN VƏ SADLIQ SARAYLARİ BAZASI. TOY, NİSAN, XİNAYAXDİ,AD GÜNÜ, BANKET, SOU PROQRAM VƏ KORPORATİVLƏRİNİZ ÜÇÜN BÜTÜN RESTORANLAR BURADA. "
https://shadliq.az/az/ciraq-palas-sadliq-sarayi,Çıraq Palas,012-561-61-01,,7 mkr S.S.Axundov 20A,,40.40926169999999,49.86709240000005,,29130,7 mkr S.S.Axundov 20A,",",GƏLİNLİKLƏR; GÖZƏLLİK SALONLARI; TOY MAŞINI; DEKORASİYA & DİZAYN; RƏQS QRUPLARI,"Ad günü, Nişan, Toy, Xına",https://shadliq.az/uploads/fields/2021/10/BX0A5912.jpg,"BAKININ 200-dən ÇOX RESTORAN VƏ SADLIQ SARAYLARİ BAZASI. TOY, NİSAN, XİNAYAXDİ,AD GÜNÜ, BANKET, SOU PROQRAM VƏ KORPORATİVLƏRİNİZ ÜÇÜN BÜTÜN RESTORANLAR BURADA. "
https://shadliq.az/az/arena-sadliq-sarayi,Arena Saray,"012-465-16-16, 012-465-88-39",,Koroğlu Rəhimov 15,,40.40926169999999,49.86709240000005,,12934,012-465-88-39012-465-16-16,",",GƏLİNLİKLƏR; GÖZƏLLİK SALONLARI; TOY MAŞINI; DEKORASİYA & DİZAYN; RƏQS QRUPLARI,"Ad günü, Nişan, Toy, Xına",https://shadliq.az/uploads/fields/2021/10/abu-arena-sadliq-sarayi-hall-baki-2020-_51.jpg,"BAKININ 200-dən ÇOX RESTORAN VƏ SADLIQ SARAYLARİ BAZASI. TOY, NİSAN, XİNAYAXDİ,AD GÜNÜ, BANKET, SOU PROQRAM VƏ KORPORATİVLƏRİNİZ ÜÇÜN BÜTÜN RESTORANLAR BURADA. "
https://shadliq.az/az/park-meridian-sadliq-sarayi,Park Meridian,050-422-55-55,,,,40.40926169999999,49.86709240000005,,128617,,",",GƏLİNLİKLƏR; GÖZƏLLİK SALONLARI; TOY MAŞINI; DEKORASİYA & DİZAYN; RƏQS QRUPLARI,"Ad günü, Nişan, Toy, Xına",https://shadliq.az/uploads/fields/2021/10/park-meridian-sadliq-sarayi-restorani-_1.jpg,"BAKININ 200-dən ÇOX RESTORAN VƏ SADLIQ SARAYLARİ BAZASI. TOY, NİSAN, XİNAYAXDİ,AD GÜNÜ, BANKET, SOU PROQRAM VƏ KORPORATİVLƏRİNİZ ÜÇÜN BÜTÜN RESTORANLAR BURADA. "
https://shadliq.az/az/monte-karlo-sadliq-sarayi,Monte Karlo Saray,"051-215-30-45, 055-491-53-83",,Babək pr. 22,,40.40926169999999,49.86709240000005,50,269974,,",",GƏLİNLİKLƏR; GÖZƏLLİK SALONLARI; TOY MAŞINI; DEKORASİYA & DİZAYN; RƏQS QRUPLARI,"Ad günü, Nişan, Toy, Xına",https://shadliq.az/uploads/fields/2021/10/monte-karlo-sadliq-sarayi-_81.jpg,"BAKININ 200-dən ÇOX RESTORAN VƏ SADLIQ SARAYLARİ BAZASI. TOY, NİSAN, XİNAYAXDİ,AD GÜNÜ, BANKET, SOU PROQRAM VƏ KORPORATİVLƏRİNİZ ÜÇÜN BÜTÜN RESTORANLAR BURADA. "
https://shadliq.az/az/elgun-sadliq-sarayi,Elgün Saray,055-854-84-84,,"Əhmədli, Neyrocərrahiyə İnst. yanı",,40.40926169999999,49.86709240000005,,18973,"Əhmədli, Neyrocərrahiyə İnst. yanı",",",GƏLİNLİKLƏR; GÖZƏLLİK SALONLARI; TOY MAŞINI; DEKORASİYA & DİZAYN; RƏQS QRUPLARI,"Ad günü, Nişan, Toy, Xına",https://shadliq.az/uploads/fields/2021/10/elgun-sadliq-sarayi-_40_1.jpg,"BAKININ 200-dən ÇOX RESTORAN VƏ SADLIQ SARAYLARİ BAZASI. TOY, NİSAN, XİNAYAXDİ,AD GÜNÜ, BANKET, SOU PROQRAM VƏ KORPORATİVLƏRİNİZ ÜÇÜN BÜTÜN RESTORANLAR BURADA. "
https://shadliq.az/az/movida-plaza-sadliq-evi,Movida Plaza,012-408-34-88,,Əhmədli N. Tusi 11A,,40.40926169999999,49.86709240000005,,52549,,",",GƏLİNLİKLƏR; GÖZƏLLİK SALONLARI; TOY MAŞINI; DEKORASİYA & DİZAYN; RƏQS QRUPLARI,"Ad günü, Nişan, Toy, Xına",https://shadliq.az/uploads/fields/2021/10/movida-plaza-sadliq-sarayi-_62.jpg,"BAKININ 200-dən ÇOX RESTORAN VƏ SADLIQ SARAYLARİ BAZASI. TOY, NİSAN, XİNAYAXDİ,AD GÜNÜ, BANKET, SOU PROQRAM VƏ KORPORATİVLƏRİNİZ ÜÇÜN BÜTÜN RESTORANLAR BURADA. "
https://shadliq.az/az/venera-sadliq-sarayi,Venera Saray,012-514-52-52,,"Babək, pr-t 37",,40.40926169999999,49.86709240000005,,76189,,",",GƏLİNLİKLƏR; GÖZƏLLİK SALONLARI; TOY MAŞINI; DEKORASİYA & DİZAYN; RƏQS QRUPLARI,"Ad günü, Nişan, Toy, Xına",https://shadliq.az/uploads/fields/2021/10/venera-sadliq-sarayi-restorani-_56.jpg,"BAKININ 200-dən ÇOX RESTORAN VƏ SADLIQ SARAYLARİ BAZASI. TOY, NİSAN, XİNAYAXDİ,AD GÜNÜ, BANKET, SOU PROQRAM VƏ KORPORATİVLƏRİNİZ ÜÇÜN BÜTÜN RESTORANLAR BURADA. "
https://shadliq.az/az/mona-liza-restoran,Mona Liza Saray,012-564-07-40,,"Nərimanov M. / Çəmənzəminli,15",,40.40926169999999,49.86709240000005,,43323,"Nərimanov M. / Çəmənzəminli,15",",",GƏLİNLİKLƏR; GÖZƏLLİK SALONLARI; TOY MAŞINI; DEKORASİYA & DİZAYN; RƏQS QRUPLARI,"Ad günü, Nişan, Toy, Xına",https://shadliq.az/uploads/fields/2021/10/mona-liza-sadliq-sarayi-restorani-_91.jpg,"BAKININ 200-dən ÇOX RESTORAN VƏ SADLIQ SARAYLARİ BAZASI. TOY, NİSAN, XİNAYAXDİ,AD GÜNÜ, BANKET, SOU PROQRAM VƏ KORPORATİVLƏRİNİZ ÜÇÜN BÜTÜN RESTORANLAR BURADA. "
https://shadliq.az/az/cidir-duzu-sadliq-sarayi,Cıdır Düzü,012-561-79-68,,7 mkr S.S.Axundov 1,,40.40926169999999,49.86709240000005,45,142557,,",",GƏLİNLİKLƏR; GÖZƏLLİK SALONLARI; TOY MAŞINI; DEKORASİYA & DİZAYN; RƏQS QRUPLARI,"Ad günü, Nişan, Toy, Xına",https://shadliq.az/uploads/fields/2021/10/cidir-duzu-sadliq-sarayi-2020-_44.jpg,"BAKININ 200-dən ÇOX RESTORAN VƏ SADLIQ SARAYLARİ BAZASI. TOY, NİSAN, XİNAYAXDİ,AD GÜNÜ, BANKET, SOU PROQRAM VƏ KORPORATİVLƏRİNİZ ÜÇÜN BÜTÜN RESTORANLAR BURADA. "
https://shadliq.az/az/mirana-palace-sadliq-sarayi,Mirana Palace,,,"Əhmədli , Neapol Dairəsi yax. Telnov küç. 3",,40.40926169999999,49.86709240000005,,42094,"Əhmədli , Neapol Dairəsi yax. Telnov küç. 3",",",GƏLİNLİKLƏR; GÖZƏLLİK SALONLARI; TOY MAŞINI; DEKORASİYA & DİZAYN; RƏQS QRUPLARI,"Ad günü, Nişan, Toy, Xına",https://shadliq.az/uploads/fields/2021/10/mirana-palace-sadliq-sarayi-_3.jpg,"BAKININ 200-dən ÇOX RESTORAN VƏ SADLIQ SARAYLARİ BAZASI. TOY, NİSAN, XİNAYAXDİ,AD GÜNÜ, BANKET, SOU PROQRAM VƏ KORPORATİVLƏRİNİZ ÜÇÜN BÜTÜN RESTORANLAR BURADA. "
https://shadliq.az/az/susa-sadliq-sarayi,Şuşa Saray,012-496-28-85,,Təbriz küç.61 (N.Nərimanov),,40.40926169999999,49.86709240000005,40,86897,Təbriz küç.61 (N.Nərimanov),",",GƏLİNLİKLƏR; GÖZƏLLİK SALONLARI; TOY MAŞINI; DEKORASİYA & DİZAYN; RƏQS QRUPLARI,"Ad günü, Nişan, Toy, Xına",https://shadliq.az/uploads/fields/2021/10/susa-sadliq-sarayi-restorani-2020-_1.jpg,"BAKININ 200-dən ÇOX RESTORAN VƏ SADLIQ SARAYLARİ BAZASI. TOY, NİSAN, XİNAYAXDİ,AD GÜNÜ, BANKET, SOU PROQRAM VƏ KORPORATİVLƏRİNİZ ÜÇÜN BÜTÜN RESTORANLAR BURADA. "
https://shadliq.az/az/diva-plaza-saray,Diva Plaza,012-465-01-00,,N.Nərimanov Metr. Ak. H. Əliyev 141,,40.40926169999999,49.86709240000005,80,34237,N.Nərimanov Metr. Ak. H. Əliyev 141,",",GƏLİNLİKLƏR; GÖZƏLLİK SALONLARI; TOY MAŞINI; DEKORASİYA & DİZAYN; RƏQS QRUPLARI,"Ad günü, Nişan, Toy, Xına",https://shadliq.az/uploads/fields/2021/10/diva-plaza-sadliq-sarayi-_16.jpg,"BAKININ 200-dən ÇOX RESTORAN VƏ SADLIQ SARAYLARİ BAZASI. TOY, NİSAN, XİNAYAXDİ,AD GÜNÜ, BANKET, SOU PROQRAM VƏ KORPORATİVLƏRİNİZ ÜÇÜN BÜTÜN RESTORANLAR BURADA. "
https://shadliq.az/az/elsen-palace-sadliq-sarayi,Elşən Palace,012-447-58-28,,8 km / M. Əliyev küç. 1,,40.40926169999999,49.86709240000005,26,9475,8 km / M. Əliyev küç. 1,",",GƏLİNLİKLƏR; GÖZƏLLİK SALONLARI; TOY MAŞINI; DEKORASİYA & DİZAYN; RƏQS QRUPLARI,"Ad günü, Nişan, Toy, Xına",https://shadliq.az/uploads/fields/2021/10/elsen-sadliq-sarayi-palace-_68.jpg,"BAKININ 200-dən ÇOX RESTORAN VƏ SADLIQ SARAYLARİ BAZASI. TOY, NİSAN, XİNAYAXDİ,AD GÜNÜ, BANKET, SOU PROQRAM VƏ KORPORATİVLƏRİNİZ ÜÇÜN BÜTÜN RESTORANLAR BURADA. "
https://shadliq.az/az/kremlin-hall-sadliq-sarayi,Kremlin Hall,012-375-07-00,,"Əhmədli, Telnov 23",,40.40926169999999,49.86709240000005,,35751,,",",GƏLİNLİKLƏR; GÖZƏLLİK SALONLARI; TOY MAŞINI; DEKORASİYA & DİZAYN; RƏQS QRUPLARI,"Ad günü, Nişan, Toy, Xına",https://shadliq.az/uploads/fields/2021/10/kremlin-hall-sadliq-sarayi-_152.jpg,"BAKININ 200-dən ÇOX RESTORAN VƏ SADLIQ SARAYLARİ BAZASI. TOY, NİSAN, XİNAYAXDİ,AD GÜNÜ, BANKET, SOU PROQRAM VƏ KORPORATİVLƏRİNİZ ÜÇÜN BÜTÜN RESTORANLAR BURADA. "
https://shadliq.az/az/brilyant-sadliq-sarayi-masazir,Brilyant Saray,012-347-90-50,,"Masazır, Mərkəzi Yol",,40.40926169999999,49.86709240000005,27-35,12544,,",",GƏLİNLİKLƏR; GÖZƏLLİK SALONLARI; TOY MAŞINI; DEKORASİYA & DİZAYN; RƏQS QRUPLARI,"Ad günü, Nişan, Toy, Xına",https://shadliq.az/uploads/fields/2021/10/brilyant-saray-_72.jpg,"BAKININ 200-dən ÇOX RESTORAN VƏ SADLIQ SARAYLARİ BAZASI. TOY, NİSAN, XİNAYAXDİ,AD GÜNÜ, BANKET, SOU PROQRAM VƏ KORPORATİVLƏRİNİZ ÜÇÜN BÜTÜN RESTORANLAR BURADA. "
https://shadliq.az/az/bahar-sadliq-sarayi,Bahar Saray,012-375-33-30,,"8 km M. Gəncəvi,132",,40.40926169999999,49.86709240000005,28,8153,,",",GƏLİNLİKLƏR; GÖZƏLLİK SALONLARI; TOY MAŞINI; DEKORASİYA & DİZAYN; RƏQS QRUPLARI,"Ad günü, Nişan, Toy, Xına",https://shadliq.az/uploads/fields/2021/10/bahar-sadliq-sarayi-_84.jpg,"BAKININ 200-dən ÇOX RESTORAN VƏ SADLIQ SARAYLARİ BAZASI. TOY, NİSAN, XİNAYAXDİ,AD GÜNÜ, BANKET, SOU PROQRAM VƏ KORPORATİVLƏRİNİZ ÜÇÜN BÜTÜN RESTORANLAR BURADA. "
https://shadliq.az/az/zirve-sadliq-sarayi,Zirvə Saray,012-561-77-00,,7 MKR,,40.40926169999999,49.86709240000005,35,162242,,",",GƏLİNLİKLƏR; GÖZƏLLİK SALONLARI; TOY MAŞINI; DEKORASİYA & DİZAYN; RƏQS QRUPLARI,"Ad günü, Nişan, Toy, Xına",https://shadliq.az/uploads/fields/2021/10/zirve-sadliq-sarayi-_7.jpg,"BAKININ 200-dən ÇOX RESTORAN VƏ SADLIQ SARAYLARİ BAZASI. TOY, NİSAN, XİNAYAXDİ,AD GÜNÜ, BANKET, SOU PROQRAM VƏ KORPORATİVLƏRİNİZ ÜÇÜN BÜTÜN RESTORANLAR BURADA. "
https://shadliq.az/az/golden-ring-sadliq-sarayi,Golden Ring Saray,012-374-09-09,,8 km / B. Çobanzadə 2403,,40.40926169999999,49.86709240000005,40,298571,8 km / B. Çobanzadə 2403,",",GƏLİNLİKLƏR; GÖZƏLLİK SALONLARI; TOY MAŞINI; DEKORASİYA & DİZAYN; RƏQS QRUPLARI,"Ad günü, Nişan, Toy, Xına",https://shadliq.az/uploads/fields/2021/10/golden-ring-sadliq-sarayi-_98_1_1.jpg,"BAKININ 200-dən ÇOX RESTORAN VƏ SADLIQ SARAYLARİ BAZASI. TOY, NİSAN, XİNAYAXDİ,AD GÜNÜ, BANKET, SOU PROQRAM VƏ KORPORATİVLƏRİNİZ ÜÇÜN BÜTÜN RESTORANLAR BURADA. "
https://shadliq.az/az/aysun-sadliq-evi,Aysun Saray,012-424-23-34,,Babək pr. 36,,40.40926169999999,49.86709240000005,27-35,82427,QİYMƏT27-35 aznBaşlanğıc Menyu,",",GƏLİNLİKLƏR; GÖZƏLLİK SALONLARI; TOY MAŞINI; DEKORASİYA & DİZAYN; RƏQS QRUPLARI,"Ad günü, Nişan, Toy, Xına",https://shadliq.az/uploads/fields/2021/10/aysun-sadliq-sarayi-baki-2020-instaqram-_23_1.jpg,"BAKININ 200-dən ÇOX RESTORAN VƏ SADLIQ SARAYLARİ BAZASI. TOY, NİSAN, XİNAYAXDİ,AD GÜNÜ, BANKET, SOU PROQRAM VƏ KORPORATİVLƏRİNİZ ÜÇÜN BÜTÜN RESTORANLAR BURADA. "
https://shadliq.az/az/neptun-sadliq-sarayi,Neptun Saray,012-422-87-88,,8 km / M. Əliyev 9A,,40.40926169999999,49.86709240000005,40,88593,QİYMƏT40 aznBaşlanğıc Menyu,",",GƏLİNLİKLƏR; GÖZƏLLİK SALONLARI; TOY MAŞINI; DEKORASİYA & DİZAYN; RƏQS QRUPLARI,"Ad günü, Nişan, Toy, Xına",https://shadliq.az/uploads/fields/2021/10/neptun-saray-sadliq-restoran-12000.jpg,"BAKININ 200-dən ÇOX RESTORAN VƏ SADLIQ SARAYLARİ BAZASI. TOY, NİSAN, XİNAYAXDİ,AD GÜNÜ, BANKET, SOU PROQRAM VƏ KORPORATİVLƏRİNİZ ÜÇÜN BÜTÜN RESTORANLAR BURADA. "
https://shadliq.az/az/imperial-sadliq-sarayi,İmperial Saray,012-431-87-82,,"Şamaxinka,1 mkr A. Məhərrəmov 1",,40.40926169999999,49.86709240000005,60,125678,"Şamaxinka,1 mkr A. Məhərrəmov 1 | QİYMƏT60 aznBaşlanğıc Menyu",",",GƏLİNLİKLƏR; GÖZƏLLİK SALONLARI; TOY MAŞINI; DEKORASİYA & DİZAYN; RƏQS QRUPLARI,"Ad günü, Nişan, Toy, Xına",https://shadliq.az/uploads/fields/2021/10/imperial-sadliq-sarayi-restorani-1200.jpg,"BAKININ 200-dən ÇOX RESTORAN VƏ SADLIQ SARAYLARİ BAZASI. TOY, NİSAN, XİNAYAXDİ,AD GÜNÜ, BANKET, SOU PROQRAM VƏ KORPORATİVLƏRİNİZ ÜÇÜN BÜTÜN RESTORANLAR BURADA. "
https://shadliq.az/az/sofiya-sadliq-sarayi,Sofiya Saray,"012-430-40-80, 012-430-80-70",,"4 MKR, 20 Yanvar küç. 82",,40.40926169999999,49.86709240000005,38,138098,"4 MKR, 20 Yanvar küç. 82 | QİYMƏT38 aznBaşlanğıc Menyu",",",GƏLİNLİKLƏR; GÖZƏLLİK SALONLARI; TOY MAŞINI; DEKORASİYA & DİZAYN; RƏQS QRUPLARI,"Ad günü, Nişan, Toy, Xına",https://shadliq.az/uploads/gallery/sofiya-sadliq-sarayi-baki-2020-yeni-_34.jpg,Sofiya- bura sıradan bir yer deyil. Kübarlığın təcəssümünü özündə əks etdirən məclislər məkanıdır. Məhz buranı kübar insanlar bəyənir və seçir. kiçik və böyük toy zallarımızda keçirəcəyiniz məclislər həyatınıza unudulmaz anlarla həkk olunacaq. Hər kəsə özəl parkinq xidməti isə qonaqların rahatlığı üçün nəzərdə tutulmuşdur.
https://shadliq.az/az/yeni-saray-masazir-sadliq-sarayi,Yeni Saray,050-657-70-20,,"Masazir, Qurtuluş 93 qarşısı",,40.40926169999999,49.86709240000005,38,71767,"Masazir, Qurtuluş 93 qarşısı",",",GƏLİNLİKLƏR; GÖZƏLLİK SALONLARI; TOY MAŞINI; DEKORASİYA & DİZAYN; RƏQS QRUPLARI,"Ad günü, Nişan, Toy, Xına",https://shadliq.az/uploads/fields/2021/10/yeni-saray-sadliq-evi-masazir-1200.jpg,"BAKININ 200-dən ÇOX RESTORAN VƏ SADLIQ SARAYLARİ BAZASI. TOY, NİSAN, XİNAYAXDİ,AD GÜNÜ, BANKET, SOU PROQRAM VƏ KORPORATİVLƏRİNİZ ÜÇÜN BÜTÜN RESTORANLAR BURADA. "
https://shadliq.az/az/xan-sarayi-sadliq-sarayi,Xan Sarayı - Xan Bağı,"012-323-49-49, 012-437-85-15, 012-437-85-15,012-323-49-49",,8 km / B. Çobanzadə 2,8 km,40.40926169999999,49.86709240000005,,32488,"8 km / B. Çobanzadə 2 | 012-437-85-15,012-323-49-49 | QİYMƏT₼ 0-40 azn₼₼ 40-60 azn₼₼₼ 60-100 azn₼₼₼₼ 100-200 azn₼₼₼₼₼ 200-300 azn.",",",GƏLİNLİKLƏR; GÖZƏLLİK SALONLARI; TOY MAŞINI; DEKORASİYA & DİZAYN; RƏQS QRUPLARI,"Ad günü, Nişan, Toy, Xına",https://shadliq.az/uploads/fields/2021/10/xan-bagi-sadliq-evi-1200b.jpg,"BAKININ 200-dən ÇOX RESTORAN VƏ SADLIQ SARAYLARİ BAZASI. TOY, NİSAN, XİNAYAXDİ,AD GÜNÜ, BANKET, SOU PROQRAM VƏ KORPORATİVLƏRİNİZ ÜÇÜN BÜTÜN RESTORANLAR BURADA. "
https://shadliq.az/az/inci-sadliq-sarayi,İnci Saray,012-323-18-20,,8 km. Q. Qarayev Metrosu arxası,Q.Qarayev,40.40926169999999,49.86709240000005,,378137,8 km. Q. Qarayev Metrosu arxası,",",GƏLİNLİKLƏR; GÖZƏLLİK SALONLARI; TOY MAŞINI; DEKORASİYA & DİZAYN; RƏQS QRUPLARI,"Ad günü, Nişan, Toy, Xına",https://shadliq.az/uploads/fields/2021/10/inci-sadliq-sarayi-restorani-_1_1.jpg,"BAKININ 200-dən ÇOX RESTORAN VƏ SADLIQ SARAYLARİ BAZASI. TOY, NİSAN, XİNAYAXDİ,AD GÜNÜ, BANKET, SOU PROQRAM VƏ KORPORATİVLƏRİNİZ ÜÇÜN BÜTÜN RESTORANLAR BURADA. "
https://shadliq.az/az/grand-opera,Grand Opera,"050-620-09-09, 055-555-09-09",,"8 Km?, Çobanzadə küç. 58",8 Km,40.40926169999999,49.86709240000005,,106043,"8 Km?, Çobanzadə küç. 58 | 050-620-09-09055-555-09-09 | QİYMƏTBaşlanğıc Menyu",Toy zalı:,GƏLİNLİKLƏR; GÖZƏLLİK SALONLARI; TOY MAŞINI; DEKORASİYA & DİZAYN; RƏQS QRUPLARI,"Ad günü, Nişan, Toy, Xına",https://shadliq.az/uploads/fields/2021/10/grand_opera_sadliq_sarayi_1200_1.jpg,"BAKININ 200-dən ÇOX RESTORAN VƏ SADLIQ SARAYLARİ BAZASI. TOY, NİSAN, XİNAYAXDİ,AD GÜNÜ, BANKET, SOU PROQRAM VƏ KORPORATİVLƏRİNİZ ÜÇÜN BÜTÜN RESTORANLAR BURADA. "
https://shadliq.az/az/hollywood-sadliq-sarayi,Hollywood Saray,012-562-91-81,,7 mkr Azadlıq pr.145,7 mkr,40.40926169999999,49.86709240000005,,214626,QİYMƏTx aznBaşlanğıc Menyu,",",GƏLİNLİKLƏR; GÖZƏLLİK SALONLARI; TOY MAŞINI; DEKORASİYA & DİZAYN; RƏQS QRUPLARI,"Ad günü, Nişan, Toy, Xına",https://shadliq.az/uploads/fields/2021/10/hollywood-sadliq-sarayi-_3.jpg,"BAKININ 200-dən ÇOX RESTORAN VƏ SADLIQ SARAYLARİ BAZASI. TOY, NİSAN, XİNAYAXDİ,AD GÜNÜ, BANKET, SOU PROQRAM VƏ KORPORATİVLƏRİNİZ ÜÇÜN BÜTÜN RESTORANLAR BURADA. "
https://shadliq.az/az/romance-hall-sadliq-sarayi,Romance Hall,050-437-99-99,,8 km. M.Abbasov 22,8 km,40.40926169999999,49.86709240000005,100,61685,QİYMƏT100 aznBaşlanğıc Menyu,Toy zalı:,GƏLİNLİKLƏR; GÖZƏLLİK SALONLARI; TOY MAŞINI; DEKORASİYA & DİZAYN; RƏQS QRUPLARI,"Ad günü, Nişan, Toy, Xına",https://shadliq.az/uploads/fields/2021/10/romans-hal-sadliq-sarayi-1200.jpg,"BAKININ 200-dən ÇOX RESTORAN VƏ SADLIQ SARAYLARİ BAZASI. TOY, NİSAN, XİNAYAXDİ,AD GÜNÜ, BANKET, SOU PROQRAM VƏ KORPORATİVLƏRİNİZ ÜÇÜN BÜTÜN RESTORANLAR BURADA. "
https://shadliq.az/az/real-sadliq-sarayi,Real Saray,012-370-31-30,,8 km B. Çobanzadə 25,8 km,40.40926169999999,49.86709240000005,,23353,QİYMƏTx aznBaşlanğıc Menyu | ZALLARToy zalı:200-450Kiçik Zal,Toy zalı:200-450Kiçik Zal,GƏLİNLİKLƏR; GÖZƏLLİK SALONLARI; TOY MAŞINI; DEKORASİYA & DİZAYN; RƏQS QRUPLARI,"Ad günü, Nişan, Toy, Xına",https://shadliq.az/uploads/fields/2021/10/real_sadliq_sarayi_1200_1.jpg,"BAKININ 200-dən ÇOX RESTORAN VƏ SADLIQ SARAYLARİ BAZASI. TOY, NİSAN, XİNAYAXDİ,AD GÜNÜ, BANKET, SOU PROQRAM VƏ KORPORATİVLƏRİNİZ ÜÇÜN BÜTÜN RESTORANLAR BURADA. "
https://shadliq.az/az/oazis-restoran,Oazis Restoran Bayil,055-277-50-50,,"Bayil, Bayraq Meydanı yanı",7 mkr,40.40926169999999,49.86709240000005,30,80668,"Bayil, Bayraq Meydanı yanı | QİYMƏT30 aznBaşlanğıc Menyu",Açıq Hava MəkanıÜmumi Şou ZalıBanket Zalı,GƏLİNLİKLƏR; GÖZƏLLİK SALONLARI; TOY MAŞINI; DEKORASİYA & DİZAYN; RƏQS QRUPLARI,"Ad günü, Nişan, Toy, Xına",https://shadliq.az/uploads/fields/2019/03/oazis_restoran_2.jpg,"Yeni oazis restoran unvani, Əlaqə üçün zəng edin. Yeni oazis restorani ailənizin istirahət edə biləcəyi ən gözəl sou proqram dolu restoranlardandır. Yeni Oazis qonaqlarını yeni unvanda qarşılayır. unvan Bayıl qəsəbəsi, Gülbala Əliyev 24 unvanindadir. her gun canli sou proqram, populyar ifacilardan ibaret canlı sou konsert dolu geceler."
https://shadliq.az/az/xezine-palace-sadliq-sarayi,Xəzinə Palace,"012-599-16-16, 050-266-01-11",,"Xırdalan, H.Z. Tağıyev küç.",Xırdalan,40.40926169999999,49.86709240000005,50,211824,"Xırdalan, H.Z. Tağıyev küç. | 012-599-16-16050-266-01-11050-266-01-11",Qızıl Zal:350-600Gümüş Zal:200-350Şərq Zal:50-120,GƏLİNLİKLƏR; GÖZƏLLİK SALONLARI; TOY MAŞINI; DEKORASİYA & DİZAYN; RƏQS QRUPLARI,"Ad günü, Nişan, Toy, Xına",https://shadliq.az/uploads/fields/2019/01/xezine-palace-sadliq-sarayi-1200.jpg; https://shadliq.az/uploads/fields/2019/01/xezine-palace-sadliq-sarayi-xirdalan-1200.jpg,"BAKININ 200-dən ÇOX RESTORAN VƏ SADLIQ SARAYLARİ BAZASI. TOY, NİSAN, XİNAYAXDİ,AD GÜNÜ, BANKET, SOU PROQRAM VƏ KORPORATİVLƏRİNİZ ÜÇÜN BÜTÜN RESTORANLAR BURADA. "
https://shadliq.az/az/tural-sadliq-sarayi-seven-urekler,Tural Palace,012-374-23-74,,Babək Pr.23/15 Maşın bazarı,Babək pr.,40.40926169999999,49.86709240000005,,43301,Babək Pr.23/15 Maşın bazarı,",",GƏLİNLİKLƏR; GÖZƏLLİK SALONLARI; TOY MAŞINI; DEKORASİYA & DİZAYN; RƏQS QRUPLARI,"Ad günü, Nişan, Toy, Xına",https://shadliq.az/uploads/fields/2021/11/tural_palace_sadliq_sarayi.jpg,"Tural Sarayı Sizə daim yüksək xidmət göstərməkdən qürur duyur! Öz şad gününüzü burada keçirmək şansını əldən qaçırmayın. Bizdə xeyir işini keçirən hər bir kəs daimi məmnun olaraq bizi xatırlayır.Məqsədimiz müştərilərin istəklərini və imkanlarını nəzərə alaraq, qonaqların zövqünün oxşayacaq tədbiri təşkil etməkdir. Biz uzun bir müddətdir ki, öz müştərilərimizin ən gözəl günlərinin təşkili ilə məşğul olduğumuz üçün bundan fəxr hissi keçiririk və bu sahədə professionallığımıza etibar edə bilərsiniz"
https://shadliq.az/az/kolizey-sadliq-sarayi,Kolizey Saray,"012-490-36-90, 055-911-14-11",,Babək pr. 25,Babək pr,40.40926169999999,49.86709240000005,50,281229,012-490-36-90055-911-14-11055-911-14-11 | Sarayımıza gəlməkdən öncə zəng vuraraq administratorla görüş saatı təyin edin. | Sarayımıza gəlməkdən öncə zəng vuraraq administratorla görüş saatı təyin edin.,Kolizey: 200-500Roma: 50-200 nəfər,GƏLİNLİKLƏR; GÖZƏLLİK SALONLARI; TOY MAŞINI; DEKORASİYA & DİZAYN; RƏQS QRUPLARI,"Ad günü, Nişan, Toy, Xına",https://shadliq.az/uploads/fields/2022/10/kolizey.jpg,"BAKININ 200-dən ÇOX RESTORAN VƏ SADLIQ SARAYLARİ BAZASI. TOY, NİSAN, XİNAYAXDİ,AD GÜNÜ, BANKET, SOU PROQRAM VƏ KORPORATİVLƏRİNİZ ÜÇÜN BÜTÜN RESTORANLAR BURADA. "
https://shadliq.az/az/terlan-sadliq-sarayi,Tərlan Saray,012-560-10-00,,"9 Mkr, Mir Cəlal 115A",9 Mkr,40.40926169999999,49.86709240000005,27,17436,"9 Mkr, Mir Cəlal 115A | QİYMƏT27 aznBaşlanğıc Menyu",Böyük zal: 70-250kiçik zal:30-90,GƏLİNLİKLƏR; GÖZƏLLİK SALONLARI; TOY MAŞINI; DEKORASİYA & DİZAYN; RƏQS QRUPLARI,"Ad günü, Nişan, Toy, Xına",https://shadliq.az/uploads/fields/2019/11/terlan_sadliq_sarayi_1200.jpg,"BAKININ 200-dən ÇOX RESTORAN VƏ SADLIQ SARAYLARİ BAZASI. TOY, NİSAN, XİNAYAXDİ,AD GÜNÜ, BANKET, SOU PROQRAM VƏ KORPORATİVLƏRİNİZ ÜÇÜN BÜTÜN RESTORANLAR BURADA. "
https://shadliq.az/az/dalga-palace-sadliq-sarayi,Karnaval Hall,012-424-86-69,,NZS girişi,NZS,40.40926169999999,49.86709240000005,32,106959,QİYMƏT32 aznBaşlanğıc Menyu | ZALLARToy zalı:150-400Kiçik Zal:50-200Banket Zalı:30-70,Toy zalı:150-400Kiçik Zal:50-200Banket Zalı:30-70,GƏLİNLİKLƏR; GÖZƏLLİK SALONLARI; TOY MAŞINI; DEKORASİYA & DİZAYN; RƏQS QRUPLARI,"Ad günü, Nişan, Toy, Xına",https://shadliq.az/uploads/fields/2019/11/dalga_plaza_sadliq_sarayi_1200_1.jpg; https://shadliq.az/uploads/fields/2019/11/karnaval_hall_sadliq_sarayi_1200_1.jpg,"BAKININ 200-dən ÇOX RESTORAN VƏ SADLIQ SARAYLARİ BAZASI. TOY, NİSAN, XİNAYAXDİ,AD GÜNÜ, BANKET, SOU PROQRAM VƏ KORPORATİVLƏRİNİZ ÜÇÜN BÜTÜN RESTORANLAR BURADA. "
https://shadliq.az/az/hollywood-restoran,Hollywood Restoran,"+994-70-677-97-77, Əlaqə -11:00-20:00",,7 mkr S.S. Axundov 200A,,40.40926169999999,49.86709240000005,,608742,"7 mkr S.S. Axundov 200A | Əlaqə -11:00-20:00+994-70-677-97-77 | Zəhmət olmasa, Saray & Restorana getməzdən əvvəl zəng vuraraq administratorla vaxt təyin edin.",15 ədəd VİP zallar,GƏLİNLİKLƏR; GÖZƏLLİK SALONLARI; TOY MAŞINI; DEKORASİYA & DİZAYN; RƏQS QRUPLARI,"Ad günü, Nişan, Toy, Xına",https://shadliq.az/uploads/fields/2019/06/hollywood_restoran_1200.jpg,"BAKININ 200-dən ÇOX RESTORAN VƏ SADLIQ SARAYLARİ BAZASI. TOY, NİSAN, XİNAYAXDİ,AD GÜNÜ, BANKET, SOU PROQRAM VƏ KORPORATİVLƏRİNİZ ÜÇÜN BÜTÜN RESTORANLAR BURADA. "
https://shadliq.az/az/gunay-restaurant-baku,Günay Restaurant,051-610-03-99,,Zığ şossesi,Zığ şossesi,40.40926169999999,49.86709240000005,120,36250,051-610-03-99051-610-03-99,Toy zalı: 300-1300,GƏLİNLİKLƏR; GÖZƏLLİK SALONLARI; TOY MAŞINI; DEKORASİYA & DİZAYN; RƏQS QRUPLARI,"Ad günü, Nişan, Toy, Xına",https://shadliq.az/uploads/fields/2024/06/collage.jpg; https://shadliq.az/uploads/fields/2024/06/collage12.jpg,"BAKININ 200-dən ÇOX RESTORAN VƏ SADLIQ SARAYLARİ BAZASI. TOY, NİSAN, XİNAYAXDİ,AD GÜNÜ, BANKET, SOU PROQRAM VƏ KORPORATİVLƏRİNİZ ÜÇÜN BÜTÜN RESTORANLAR BURADA. "
https://shadliq.az/az/spring-hotel-baku-novxani,Spring Hotel Novxanı Kings Hall,070-505-03-05,,Bakı Dənizkənarı Dairəvi Yol,,40.40926169999999,49.86709240000005,40,17868,Bakı Dənizkənarı Dairəvi Yol,Kings HallMovida zalHovuz Terrace,GƏLİNLİKLƏR; GÖZƏLLİK SALONLARI; TOY MAŞINI; DEKORASİYA & DİZAYN; RƏQS QRUPLARI,"Ad günü, Nişan, Toy, Xına",https://shadliq.az/uploads/fields/2017/11/springhotel1200.jpg; https://shadliq.az/uploads/fields/2017/11/springhotel1201.jpg,"BAKININ 200-dən ÇOX RESTORAN VƏ SADLIQ SARAYLARİ BAZASI. TOY, NİSAN, XİNAYAXDİ,AD GÜNÜ, BANKET, SOU PROQRAM VƏ KORPORATİVLƏRİNİZ ÜÇÜN BÜTÜN RESTORANLAR BURADA. "
https://shadliq.az/az/elux-sadliq-sarayi,Elux Events Hall,"050-999-88-88, 050-999-88-88,",,"8 KM, Mikayil Əliyev küç., 2403-cü məhəllə",8 KM,40.40926169999999,49.86709240000005,,82488,"8 KM, Mikayil Əliyev küç., 2403-cü məhəllə | WWW.SHADLIQ.AZ- dan zəng etdiyinizi deyin, hədiyyə qazanın. | WWW.SHADLIQ.AZ- dan zəng etdiyinizi deyin, hədiyyə qazanın.",,GƏLİNLİKLƏR; GÖZƏLLİK SALONLARI; TOY MAŞINI; DEKORASİYA & DİZAYN; RƏQS QRUPLARI,"Ad günü, Nişan, Toy, Xına",https://shadliq.az/uploads/fields/2019/07/elux_sadliq_sarayi.jpg,"BAKININ 200-dən ÇOX RESTORAN VƏ SADLIQ SARAYLARİ BAZASI. TOY, NİSAN, XİNAYAXDİ,AD GÜNÜ, BANKET, SOU PROQRAM VƏ KORPORATİVLƏRİNİZ ÜÇÜN BÜTÜN RESTORANLAR BURADA. "
https://shadliq.az/az/ramin-nur-sadliq-sarayi,Ramin Nur şadlıq sarayı,"012-424-29-16, 055-424-29-16",,NZS. Zakir Yusifov küç.,NZS,40.40926169999999,49.86709240000005,30,27212,NZS. Zakir Yusifov küç. | QİYMƏT30 aznBaşlanğıc Menyu | ZALLARBöyük Zal:150-300Kiçik Zal:50-150,Böyük Zal:150-300Kiçik Zal:50-150,GƏLİNLİKLƏR; GÖZƏLLİK SALONLARI; TOY MAŞINI; DEKORASİYA & DİZAYN; RƏQS QRUPLARI,"Ad günü, Nişan, Toy, Xına",https://shadliq.az/uploads/fields/2019/07/ramin-nur-sadliq-sarayi-1200_1.jpg; https://shadliq.az/uploads/fields/2019/07/ramin-nur-sadliq-sarayi-1200.jpg,"TELEFON: NZS. Zakir Yusifov küç., Menyu Qiyməti: 30-45 azn , Böyük Zal:150-300, Kiçik Zal:50-150, TƏDBİRLƏRİNİZ: Toy, Kiçik Toy, Nişan, Xınayaxdı, Banket, HƏDİYYƏ: Musiqi Ansamblı, Aparıcı, Müğənnilər, Video çəkiliş, Dəvətnamə, Rəqs Qrupu, Şar & Zər Yağışı, Tort, Şampan Şəlaləsi, Bar/Furşet,"
https://shadliq.az/az/oazis-restoran-sadliq-sarayi,Oazis Restoran,055-277-50-50,,Bayıl. Bayraq Meydanı yanı,7 mkr,40.40926169999999,49.86709240000005,,120282,Bayıl. Bayraq Meydanı yanı,Açıq Hava MəkanıŞou ZalıKabinetlər,GƏLİNLİKLƏR; GÖZƏLLİK SALONLARI; TOY MAŞINI; DEKORASİYA & DİZAYN; RƏQS QRUPLARI,Toy,https://shadliq.az/uploads/fields/2021/06/oazis_restoran_2.jpg; https://shadliq.az/uploads/gallery/WhatsApp_Image_2021-06-25_at_16.10.18.jpeg; https://shadliq.az/uploads/gallery/WhatsApp_Image_2021-06-25_at_16.09.32.jpeg; https://shadliq.az/uploads/gallery/WhatsApp_Image_2021-06-25_at_16.09.31.jpeg; https://shadliq.az/uploads/gallery/183672367_2210053302469054_2456090798432581381_n.jpg; https://shadliq.az/uploads/gallery/183965191_289893599442468_8813913535539730481_n.jpg; https://shadliq.az/uploads/gallery/184915565_789305071771467_5318550690001670176_n.jpg; https://shadliq.az/uploads/gallery/185835795_159896356006883_7263353615087096143_n1.jpg; https://shadliq.az/uploads/gallery/187600895_318061426341214_5316030915331535294_n.jpg; https://shadliq.az/uploads/gallery/188608717_297154768558907_3553171436524188511_n.jpg; https://shadliq.az/uploads/gallery/188764813_1129682237437275_2730882313190909986_n.jpg; https://shadliq.az/uploads/gallery/190205527_841375660107691_5169488777968469628_n.jpg; https://shadliq.az/uploads/gallery/190627566_1133590787122053_1844906749150934394_n.jpg; https://shadliq.az/uploads/gallery/181002776_860762477846021_8998251026720423520_n.jpg,Hər axşam Şou Proqram
https://shadliq.az/az/erzurum-sadliq-sarayi,Ərzurum Saray,012-430-81-67,,3MKR-A. Məhərrəmov 13,3MKR,40.40926169999999,49.86709240000005,29,15585,3MKR-A. Məhərrəmov 13 | QİYMƏT29 aznBaşlanğıc Menyu,,GƏLİNLİKLƏR; GÖZƏLLİK SALONLARI; TOY MAŞINI; DEKORASİYA & DİZAYN; RƏQS QRUPLARI,"Ad günü, Nişan, Toy, Xına",https://shadliq.az/uploads/fields/2019/12/erzurum-sadliq-sarayi-restorani-_1_1.jpg,"BAKININ 200-dən ÇOX RESTORAN VƏ SADLIQ SARAYLARİ BAZASI. TOY, NİSAN, XİNAYAXDİ,AD GÜNÜ, BANKET, SOU PROQRAM VƏ KORPORATİVLƏRİNİZ ÜÇÜN BÜTÜN RESTORANLAR BURADA. "
https://shadliq.az/az/viktoriya-sadliq-sarayi,Viktoriya Saray,012-370-62-85,,"Əhmədli, M. Hadi,51",Əhmədli,40.40926169999999,49.86709240000005,,21877,,",",GƏLİNLİKLƏR; GÖZƏLLİK SALONLARI; TOY MAŞINI; DEKORASİYA & DİZAYN; RƏQS QRUPLARI,"Ad günü, Nişan, Toy, Xına",https://shadliq.az/uploads/fields/2019/12/viktoriyasaray1200.jpg,"BAKININ 200-dən ÇOX RESTORAN VƏ SADLIQ SARAYLARİ BAZASI. TOY, NİSAN, XİNAYAXDİ,AD GÜNÜ, BANKET, SOU PROQRAM VƏ KORPORATİVLƏRİNİZ ÜÇÜN BÜTÜN RESTORANLAR BURADA. "
https://shadliq.az/az/simfoniya-hall-sadliq-sarayi,Simfoniya Hall,012-310-84-84,,7 mkr S.S. Axundov 13E,7 mkr,40.40926169999999,49.86709240000005,,34986,7 mkr S.S. Axundov 13E | QİYMƏT₼ 0-40 azn₼₼ 40-60 azn₼₼₼ 60-100 azn₼₼₼₼ 100-200 azn₼₼₼₼₼ 200-300 aznQonaq sayı & Tədbir növünə görə Qiymət dəyişə bilər,Gold Room: Platinum: Karat:,GƏLİNLİKLƏR; GÖZƏLLİK SALONLARI; TOY MAŞINI; DEKORASİYA & DİZAYN; RƏQS QRUPLARI,"Ad günü, Nişan, Toy, Xına",https://shadliq.az/uploads/fields/2019/08/simfoniya-hall-sadliq-sarayi-1200.jpg,"BAKININ 200-dən ÇOX RESTORAN VƏ SADLIQ SARAYLARİ BAZASI. TOY, NİSAN, XİNAYAXDİ,AD GÜNÜ, BANKET, SOU PROQRAM VƏ KORPORATİVLƏRİNİZ ÜÇÜN BÜTÜN RESTORANLAR BURADA. "
https://shadliq.az/az/sahensah-sadliq-sarayi,Şahənşah Saray,012-562-55-99,,Azadlıq M./ S.S.Axundov 8,,40.40926169999999,49.86709240000005,,357366,Azadlıq M./ S.S.Axundov 8,",",GƏLİNLİKLƏR; GÖZƏLLİK SALONLARI; TOY MAŞINI; DEKORASİYA & DİZAYN; RƏQS QRUPLARI,"Ad günü, Nişan, Toy, Xına",https://shadliq.az/uploads/fields/2021/10/IMG_6627.jpg,"BAKININ 200-dən ÇOX RESTORAN VƏ SADLIQ SARAYLARİ BAZASI. TOY, NİSAN, XİNAYAXDİ,AD GÜNÜ, BANKET, SOU PROQRAM VƏ KORPORATİVLƏRİNİZ ÜÇÜN BÜTÜN RESTORANLAR BURADA. "
https://shadliq.az/az/xemse-sadliq-sarayi,Xəmsə Saray,012-370-00-07,,8 km M.Əliyev 2404,8 km,40.40926169999999,49.86709240000005,40,120258,,",",GƏLİNLİKLƏR; GÖZƏLLİK SALONLARI; TOY MAŞINI; DEKORASİYA & DİZAYN; RƏQS QRUPLARI,"Ad günü, Nişan, Toy, Xına",https://shadliq.az/uploads/fields/2021/10/xemse-sadliq-sarayi-restoran-_99_1.jpg,"BAKININ 200-dən ÇOX RESTORAN VƏ SADLIQ SARAYLARİ BAZASI. TOY, NİSAN, XİNAYAXDİ,AD GÜNÜ, BANKET, SOU PROQRAM VƏ KORPORATİVLƏRİNİZ ÜÇÜN BÜTÜN RESTORANLAR BURADA. "
https://shadliq.az/az/ulvi-sadliq-sarayi-bakixanov,Ülvi Saray,012-511-00-08,,Bakıxanov Y. Əliyev,Bakıxanov,40.40926169999999,49.86709240000005,40,70748,QİYMƏT40 aznBaşlanğıc Menyu,,GƏLİNLİKLƏR; GÖZƏLLİK SALONLARI; TOY MAŞINI; DEKORASİYA & DİZAYN; RƏQS QRUPLARI,"Ad günü, Nişan, Toy, Xına",https://shadliq.az/uploads/fields/2017/02/ulvi-sadliq-sarayi-restorani-_2_1.jpg,"BAKININ 200-dən ÇOX RESTORAN VƏ SADLIQ SARAYLARİ BAZASI. TOY, NİSAN, XİNAYAXDİ,AD GÜNÜ, BANKET, SOU PROQRAM VƏ KORPORATİVLƏRİNİZ ÜÇÜN BÜTÜN RESTORANLAR BURADA. "
https://shadliq.az/az/qizlar-sadliq-sarayi,Qızlar Saray,012-429-86-26,,"Razin, Fətəliyev küç.",Razin,40.40926169999999,49.86709240000005,35,23487,"Razin, Fətəliyev küç. | QİYMƏT35 aznBaşlanğıc Menyu",,GƏLİNLİKLƏR; GÖZƏLLİK SALONLARI; TOY MAŞINI; DEKORASİYA & DİZAYN; RƏQS QRUPLARI,"Ad günü, Nişan, Toy, Xına",https://shadliq.az/uploads/fields/2019/02/qizlar-sadliq-sarayi-razin-1200.jpg,"bakıxanov qəsəbəsində yerləşən qızlar sadliq sarayinin menyu qiymetleri,unvani və elaqe nomrələri oyrənmək üçün bu səhifəyə daxil ola bilərsiniz."
https://shadliq.az/az/xan-qizi-sadliq-sarayi,Xan Qızı,012-421-11-12,,"8 km, B.Çobanzadə 5",8 km,40.40926169999999,49.86709240000005,60,38056,QİYMƏT60 aznBaşlanğıc Menyu,,GƏLİNLİKLƏR; GÖZƏLLİK SALONLARI; TOY MAŞINI; DEKORASİYA & DİZAYN; RƏQS QRUPLARI,"Ad günü, Nişan, Toy, Xına",https://shadliq.az/uploads/fields/2019/02/xan-qizi-sadliq-sarayi-1200.jpg,"BAKININ 200-dən ÇOX RESTORAN VƏ SADLIQ SARAYLARİ BAZASI. TOY, NİSAN, XİNAYAXDİ,AD GÜNÜ, BANKET, SOU PROQRAM VƏ KORPORATİVLƏRİNİZ ÜÇÜN BÜTÜN RESTORANLAR BURADA. "
https://shadliq.az/az/asiman-palace-sadliq-sarayi,Asiman Palace,012-571-10-10,,Nobel pr. 123,Nobel pr,40.40926169999999,49.86709240000005,30,16846,QİYMƏT30 aznBaşlanğıc Menyu,,GƏLİNLİKLƏR; GÖZƏLLİK SALONLARI; TOY MAŞINI; DEKORASİYA & DİZAYN; RƏQS QRUPLARI,"Ad günü, Nişan, Toy, Xına",https://shadliq.az/uploads/fields/2019/02/asiman-palace-sadliq-sarayi.jpg,"BAKININ 200-dən ÇOX RESTORAN VƏ SADLIQ SARAYLARİ BAZASI. TOY, NİSAN, XİNAYAXDİ,AD GÜNÜ, BANKET, SOU PROQRAM VƏ KORPORATİVLƏRİNİZ ÜÇÜN BÜTÜN RESTORANLAR BURADA. "
https://shadliq.az/az/romance-palace-2-sadliq-sarayi,Romance Palace 2,012-555-88-22,,8 km M. Abbasov 22,8 km,40.40926169999999,49.86709240000005,55,28126,QİYMƏT55 aznBaşlanğıc Menyu,,GƏLİNLİKLƏR; GÖZƏLLİK SALONLARI; TOY MAŞINI; DEKORASİYA & DİZAYN; RƏQS QRUPLARI,"Ad günü, Nişan, Toy, Xına",https://shadliq.az/uploads/fields/2020/01/romance_palace_sadliq_sarayi_1201.jpg,"BAKININ 200-dən ÇOX RESTORAN VƏ SADLIQ SARAYLARİ BAZASI. TOY, NİSAN, XİNAYAXDİ,AD GÜNÜ, BANKET, SOU PROQRAM VƏ KORPORATİVLƏRİNİZ ÜÇÜN BÜTÜN RESTORANLAR BURADA. "
https://shadliq.az/az/gold-baku-sadliq-sarayi,Golden Baku Saray,"012-430-35-35, 050-203-23-83",,3 MKR dairəsi,3 MKR,40.40926169999999,49.86709240000005,55,259158,012-430-35-35050-203-23-83050-203-23-83 | ZALLARBöyük zalKiçik zal,Böyük zalKiçik zal,GƏLİNLİKLƏR; GÖZƏLLİK SALONLARI; TOY MAŞINI; DEKORASİYA & DİZAYN; RƏQS QRUPLARI,"Ad günü, Nişan, Toy, Xına",https://shadliq.az/uploads/fields/2022/10/golden_baku.jpg,"BAKININ 200-dən ÇOX RESTORAN VƏ SADLIQ SARAYLARİ BAZASI. TOY, NİSAN, XİNAYAXDİ,AD GÜNÜ, BANKET, SOU PROQRAM VƏ KORPORATİVLƏRİNİZ ÜÇÜN BÜTÜN RESTORANLAR BURADA. "
https://shadliq.az/az/balli-sadliq-sarayi,Ballı Saray,012-563-53-11,,C.Xəndan 3097/(Elite TM),Elite TM,40.40926169999999,49.86709240000005,25,575268,C.Xəndan 3097/(Elite TM) | Sarayımıza gəlməkdən öncə zəng vuraraq administratorla görüş saatı təyin edin. | Sarayımıza gəlməkdən öncə zəng vuraraq administratorla görüş saatı təyin edin.,Böyük zalKiçik zal,GƏLİNLİKLƏR; GÖZƏLLİK SALONLARI; TOY MAŞINI; DEKORASİYA & DİZAYN; RƏQS QRUPLARI,"Ad günü, Nişan, Toy, Xına",https://shadliq.az/uploads/fields/2019/05/ballisaray12001_1.jpg,"BAKININ 200-dən ÇOX RESTORAN VƏ SADLIQ SARAYLARİ BAZASI. TOY, NİSAN, XİNAYAXDİ,AD GÜNÜ, BANKET, SOU PROQRAM VƏ KORPORATİVLƏRİNİZ ÜÇÜN BÜTÜN RESTORANLAR BURADA. "
https://shadliq.az/az/kolissa-hall-sadliq-sarayi,Kolissa Hall,012-570-33-99,,Əhmədli Telnov küçəsi 3,Əhmədli,40.40926169999999,49.86709240000005,45,39546,Əhmədli Telnov küçəsi 3 | QİYMƏT45 aznBaşlanğıc Menyu,,GƏLİNLİKLƏR; GÖZƏLLİK SALONLARI; TOY MAŞINI; DEKORASİYA & DİZAYN; RƏQS QRUPLARI,"Ad günü, Nişan, Toy, Xına",https://shadliq.az/uploads/fields/2020/01/kolissa-hall-saray-831.jpg,"BAKININ 200-dən ÇOX RESTORAN VƏ SADLIQ SARAYLARİ BAZASI. TOY, NİSAN, XİNAYAXDİ,AD GÜNÜ, BANKET, SOU PROQRAM VƏ KORPORATİVLƏRİNİZ ÜÇÜN BÜTÜN RESTORANLAR BURADA. "
https://shadliq.az/az/piano-palace-sadliq-sarayi,Piano Palace,050-242-84-54,,Babək pros. Xətai Ray.,Babək pr,40.40926169999999,49.86709240000005,40,26557,Babək pros. Xətai Ray. | Sarayımıza gəlməkdən öncə zəng vuraraq administratorla görüş saatı təyin edin.Diqqət:Bəy Gəlin Masasının Dekorasiyası hədiyyə! | Sarayımıza gəlməkdən öncə zəng vuraraq administratorla görüş saatı təyin edin.,Böyük zalKiçik zal,GƏLİNLİKLƏR; GÖZƏLLİK SALONLARI; TOY MAŞINI; DEKORASİYA & DİZAYN; RƏQS QRUPLARI,"Ad günü, Nişan, Toy, Xına",https://shadliq.az/uploads/fields/2019/09/pianopalace1200.jpg,"BAKININ 200-dən ÇOX RESTORAN VƏ SADLIQ SARAYLARİ BAZASI. TOY, NİSAN, XİNAYAXDİ,AD GÜNÜ, BANKET, SOU PROQRAM VƏ KORPORATİVLƏRİNİZ ÜÇÜN BÜTÜN RESTORANLAR BURADA. "
https://shadliq.az/az/oskar-sadliq-sarayi,Oskar Saray,"012-370-80-00, 055-822-00-07",,"8 km,B.Çobanzadə 294",8 km,40.40926169999999,49.86709240000005,45,10809,QİYMƏT45 aznBaşlanğıc Menyu,,GƏLİNLİKLƏR; GÖZƏLLİK SALONLARI; TOY MAŞINI; DEKORASİYA & DİZAYN; RƏQS QRUPLARI,"Ad günü, Nişan, Toy, Xına",https://shadliq.az/uploads/fields/2020/01/oskar_sadliq_sarayi_1200.jpg,"BAKININ 200-dən ÇOX RESTORAN VƏ SADLIQ SARAYLARİ BAZASI. TOY, NİSAN, XİNAYAXDİ,AD GÜNÜ, BANKET, SOU PROQRAM VƏ KORPORATİVLƏRİNİZ ÜÇÜN BÜTÜN RESTORANLAR BURADA. "
https://shadliq.az/az/platin-saray-restoran-sadliq-sarayi,Platin Hall,055-341-01-01,,"8km, Məhsəti Gəncəvi 25/34",8km,40.40926169999999,49.86709240000005,100,16252,"8km, Məhsəti Gəncəvi 25/34 | QİYMƏT100 aznBaşlanğıc Menyu",",",GƏLİNLİKLƏR; GÖZƏLLİK SALONLARI; TOY MAŞINI; DEKORASİYA & DİZAYN; RƏQS QRUPLARI,"Ad günü, Nişan, Toy, Xına",https://shadliq.az/uploads/fields/2021/10/platin-saray-sadliq-sarayi-_10.jpg,"BAKININ 200-dən ÇOX RESTORAN VƏ SADLIQ SARAYLARİ BAZASI. TOY, NİSAN, XİNAYAXDİ,AD GÜNÜ, BANKET, SOU PROQRAM VƏ KORPORATİVLƏRİNİZ ÜÇÜN BÜTÜN RESTORANLAR BURADA. "
https://shadliq.az/az/dan-ulduzu-sadliq-sarayi,Dan Ulduzu Sarayı,(012) 422 33 35,,8-km B.Çobanzadə 132,8-km,40.40926169999999,49.86709240000005,30,14032,,",",GƏLİNLİKLƏR; GÖZƏLLİK SALONLARI; TOY MAŞINI; DEKORASİYA & DİZAYN; RƏQS QRUPLARI,"Ad günü, Nişan, Toy, Xına",https://shadliq.az/uploads/fields/2021/10/dan-ulduzu-sadliq-sarayi-_6.jpg,"BAKININ 200-dən ÇOX RESTORAN VƏ SADLIQ SARAYLARİ BAZASI. TOY, NİSAN, XİNAYAXDİ,AD GÜNÜ, BANKET, SOU PROQRAM VƏ KORPORATİVLƏRİNİZ ÜÇÜN BÜTÜN RESTORANLAR BURADA. "
https://shadliq.az/az/serin-sadliq-sarayi,Sərin Saray,012-370-51-00,,Babək pr. 65 B,Babək pr,40.40926169999999,49.86709240000005,75,111541,QİYMƏT75 aznBaşlanğıc Menyu,,GƏLİNLİKLƏR; GÖZƏLLİK SALONLARI; TOY MAŞINI; DEKORASİYA & DİZAYN; RƏQS QRUPLARI,"Ad günü, Nişan, Toy, Xına",https://shadliq.az/uploads/fields/2019/12/serinsaray1200.jpg,"BAKININ 200-dən ÇOX RESTORAN VƏ SADLIQ SARAYLARİ BAZASI. TOY, NİSAN, XİNAYAXDİ,AD GÜNÜ, BANKET, SOU PROQRAM VƏ KORPORATİVLƏRİNİZ ÜÇÜN BÜTÜN RESTORANLAR BURADA. "
https://shadliq.az/az/sari-gelin-sadliq-sarayi,Sarı Gəlin Saray,012-421-88-66,,8 km B.Çobanzadə1,8 km,40.40926169999999,49.86709240000005,60,38538,QİYMƏT60 aznBaşlanğıc Menyu,,GƏLİNLİKLƏR; GÖZƏLLİK SALONLARI; TOY MAŞINI; DEKORASİYA & DİZAYN; RƏQS QRUPLARI,"Ad günü, Nişan, Toy, Xına",https://shadliq.az/uploads/fields/2020/01/sarigelinrestoran1200.jpg,"BAKININ 200-dən ÇOX RESTORAN VƏ SADLIQ SARAYLARİ BAZASI. TOY, NİSAN, XİNAYAXDİ,AD GÜNÜ, BANKET, SOU PROQRAM VƏ KORPORATİVLƏRİNİZ ÜÇÜN BÜTÜN RESTORANLAR BURADA. "
https://shadliq.az/az/roya-sadliq-sarayi,Röya Saray,012-563-00-99,,"7 mkr, Ş. Məmmədova 23",7 Mkr,40.40926169999999,49.86709240000005,35,28703,"7 mkr, Ş. Məmmədova 23",,GƏLİNLİKLƏR; GÖZƏLLİK SALONLARI; TOY MAŞINI; DEKORASİYA & DİZAYN; RƏQS QRUPLARI,"Ad günü, Nişan, Toy, Xına",https://shadliq.az/uploads/fields/2021/10/IMG_5532.jpg,"BAKININ 200-dən ÇOX RESTORAN VƏ SADLIQ SARAYLARİ BAZASI. TOY, NİSAN, XİNAYAXDİ,AD GÜNÜ, BANKET, SOU PROQRAM VƏ KORPORATİVLƏRİNİZ ÜÇÜN BÜTÜN RESTORANLAR BURADA. "
https://shadliq.az/az/golden-garden-sadliq-sarayi,Golden Garden,012-376-36-84,,Babək pr. Baku Medical Plaza yanı,Babək pr.,40.40926169999999,49.86709240000005,1,11868,Babək pr. Baku Medical Plaza yanı | ☎ BİR KLİKLƏ ƏLAQƏ012-376-36-84,,GƏLİNLİKLƏR; GÖZƏLLİK SALONLARI; TOY MAŞINI; DEKORASİYA & DİZAYN; RƏQS QRUPLARI,"Ad günü, Nişan, Toy, Xına",https://shadliq.az/uploads/featured/DSC06512.jpg; https://shadliq.az/uploads/featured/DSC09723.jpg; https://shadliq.az/uploads/featured/gold-baku-sadliq-sarayi-1.jpg; https://shadliq.az/uploads/featured/kolizey-sadliq-sarayi-1200.jpg; https://shadliq.az/uploads/featured/lido-restorani_2025_zal.jpeg; https://shadliq.az/uploads/featured/xezine-palace-sadliq-sarayi-1200.jpg,"BAKININ 200-dən ÇOX RESTORAN VƏ SADLIQ SARAYLARİ BAZASI. TOY, NİSAN, XİNAYAXDİ,AD GÜNÜ, BANKET, SOU PROQRAM VƏ KORPORATİVLƏRİNİZ ÜÇÜN BÜTÜN RESTORANLAR BURADA. "
https://shadliq.az/az/romance-palace-1-sadliq-sarayi,Romance Palace 1,012-555-88-33,,"8 km M. Abbasov,22",8 km,40.40926169999999,49.86709240000005,90,103311,QİYMƏT90 aznBaşlanğıc Menyu,",",GƏLİNLİKLƏR; GÖZƏLLİK SALONLARI; TOY MAŞINI; DEKORASİYA & DİZAYN; RƏQS QRUPLARI,"Ad günü, Nişan, Toy, Xına",https://shadliq.az/uploads/fields/2021/10/romance-1-palace-sadliq-sarayi-_4.jpg,"BAKININ 200-dən ÇOX RESTORAN VƏ SADLIQ SARAYLARİ BAZASI. TOY, NİSAN, XİNAYAXDİ,AD GÜNÜ, BANKET, SOU PROQRAM VƏ KORPORATİVLƏRİNİZ ÜÇÜN BÜTÜN RESTORANLAR BURADA. "
https://shadliq.az/az/sema-palace-sadliq-sarayi,Səma Palace,012-569-77-17,,"Xutor, E. Babayev 7",Xutor,40.40926169999999,49.86709240000005,30,21502,QİYMƏT30 aznBaşlanğıc Menyu,,GƏLİNLİKLƏR; GÖZƏLLİK SALONLARI; TOY MAŞINI; DEKORASİYA & DİZAYN; RƏQS QRUPLARI,"Ad günü, Nişan, Toy, Xına",https://shadliq.az/uploads/fields/2019/08/sema-palace-sadliq-sarayi-12003.jpg,"BAKININ 200-dən ÇOX RESTORAN VƏ SADLIQ SARAYLARİ BAZASI. TOY, NİSAN, XİNAYAXDİ,AD GÜNÜ, BANKET, SOU PROQRAM VƏ KORPORATİVLƏRİNİZ ÜÇÜN BÜTÜN RESTORANLAR BURADA. "
https://shadliq.az/az/zugulba-saray-sadliq-sarayi,Zuğulba Saray,012-565-12-12,,"Zaqulba,Buzovna",Zaqulba,40.40926169999999,49.86709240000005,120,108022,QİYMƏT120 aznBaşlanğıc Menyu,,GƏLİNLİKLƏR; GÖZƏLLİK SALONLARI; TOY MAŞINI; DEKORASİYA & DİZAYN; RƏQS QRUPLARI,"Ad günü, Nişan, Toy, Xına",https://shadliq.az/uploads/fields/2020/02/zugulba-saray-sadilq-sarayi-1200.jpg,"BAKININ 200-dən ÇOX RESTORAN VƏ SADLIQ SARAYLARİ BAZASI. TOY, NİSAN, XİNAYAXDİ,AD GÜNÜ, BANKET, SOU PROQRAM VƏ KORPORATİVLƏRİNİZ ÜÇÜN BÜTÜN RESTORANLAR BURADA. "
https://shadliq.az/az/serq-saray-sadliq-sarayi,Şərq Saray,012-555-08-08,,"8-ci km, Nəsimi küç.24/04,",8 Km,40.40926169999999,49.86709240000005,50,66857,"8-ci km, Nəsimi küç.24/04,",",",GƏLİNLİKLƏR; GÖZƏLLİK SALONLARI; TOY MAŞINI; DEKORASİYA & DİZAYN; RƏQS QRUPLARI,"Ad günü, Nişan, Toy, Xına",https://shadliq.az/uploads/fields/2021/10/serq-saray-sadliq-sarayi-baki-2020-_1.jpg,"BAKININ 200-dən ÇOX RESTORAN VƏ SADLIQ SARAYLARİ BAZASI. TOY, NİSAN, XİNAYAXDİ,AD GÜNÜ, BANKET, SOU PROQRAM VƏ KORPORATİVLƏRİNİZ ÜÇÜN BÜTÜN RESTORANLAR BURADA. "
https://shadliq.az/az/badi-seba-sadliq-sarayi,Badi Səba Saray,012-431-07-43,,20 yanvar M. Tbilisi pr. 69A,20 yanvar M.,40.40926169999999,49.86709240000005,35,89620,20 yanvar M. Tbilisi pr. 69A | Sarayımıza gəlməkdən öncə zəng vuraraq administratorla görüş saatı təyin edin. | Sarayımıza gəlməkdən öncə zəng vuraraq administratorla görüş saatı təyin edin.,Böyük zal:100-380lojasız:100-250 Kiçik zal:85,GƏLİNLİKLƏR; GÖZƏLLİK SALONLARI; TOY MAŞINI; DEKORASİYA & DİZAYN; RƏQS QRUPLARI,"Ad günü, Nişan, Toy, Xına",https://shadliq.az/uploads/featured/lido-restorani_2025_zal.jpeg; https://shadliq.az/uploads/featured/DSC06512.jpg; https://shadliq.az/uploads/featured/xezine-palace-sadliq-sarayi-1200.jpg; https://shadliq.az/uploads/featured/kolizey-sadliq-sarayi-1200.jpg; https://shadliq.az/uploads/featured/DSC09723.jpg; https://shadliq.az/uploads/featured/gold-baku-sadliq-sarayi-1.jpg,"BAKININ 200-dən ÇOX RESTORAN VƏ SADLIQ SARAYLARİ BAZASI. TOY, NİSAN, XİNAYAXDİ,AD GÜNÜ, BANKET, SOU PROQRAM VƏ KORPORATİVLƏRİNİZ ÜÇÜN BÜTÜN RESTORANLAR BURADA. "
https://shadliq.az/az/star-hall-sadliq-sarayi,Star Hall saray,070-897-06-97,,"Yasamal, A. M. Şərifzadə 14",Yasamal,40.40926169999999,49.86709240000005,35,12738,"Yasamal, A. M. Şərifzadə 14 | QİYMƏT35 aznBaşlanğıc Menyu",,GƏLİNLİKLƏR; GÖZƏLLİK SALONLARI; TOY MAŞINI; DEKORASİYA & DİZAYN; RƏQS QRUPLARI,"Ad günü, Nişan, Toy, Xına",https://shadliq.az/uploads/fields/2020/01/star_hall_sadliq_evi.jpg,"BAKININ 200-dən ÇOX RESTORAN VƏ SADLIQ SARAYLARİ BAZASI. TOY, NİSAN, XİNAYAXDİ,AD GÜNÜ, BANKET, SOU PROQRAM VƏ KORPORATİVLƏRİNİZ ÜÇÜN BÜTÜN RESTORANLAR BURADA. "
https://shadliq.az/az/xudaferin-sadliq-sarayi,Xudafərin Saray,012-370-50-09,,8 km M. Gəncəvi 25,8 km,40.40926169999999,49.86709240000005,45,42589,,",",GƏLİNLİKLƏR; GÖZƏLLİK SALONLARI; TOY MAŞINI; DEKORASİYA & DİZAYN; RƏQS QRUPLARI,"Ad günü, Nişan, Toy, Xına",https://shadliq.az/uploads/fields/2020/02/xudaferin_sadliq_evi_restoran_1200.jpg,"BAKININ 200-dən ÇOX RESTORAN VƏ SADLIQ SARAYLARİ BAZASI. TOY, NİSAN, XİNAYAXDİ,AD GÜNÜ, BANKET, SOU PROQRAM VƏ KORPORATİVLƏRİNİZ ÜÇÜN BÜTÜN RESTORANLAR BURADA. "
https://shadliq.az/az/neolit-sadliq-sarayi,Neolit City,012-422-07-07,,8 km. M. Əliyev 9,8 km,40.40926169999999,49.86709240000005,,63489,,",",GƏLİNLİKLƏR; GÖZƏLLİK SALONLARI; TOY MAŞINI; DEKORASİYA & DİZAYN; RƏQS QRUPLARI,"Ad günü, Nişan, Toy, Xına",https://shadliq.az/uploads/fields/2021/10/neolit-city-restoran-_88_1.jpg,"BAKININ 200-dən ÇOX RESTORAN VƏ SADLIQ SARAYLARİ BAZASI. TOY, NİSAN, XİNAYAXDİ,AD GÜNÜ, BANKET, SOU PROQRAM VƏ KORPORATİVLƏRİNİZ ÜÇÜN BÜTÜN RESTORANLAR BURADA. "
https://shadliq.az/az/fidan-sadliq-sarayi,Fidan Saray,012-425-29-89,,Bakıxanov qəs. Elşən Mehdiyev küç. 2,Bakıxanov qəs.,40.40926169999999,49.86709240000005,35,33364,Bakıxanov qəs. Elşən Mehdiyev küç. 2 | QİYMƏT35 aznBaşlanğıc Menyu,,GƏLİNLİKLƏR; GÖZƏLLİK SALONLARI; TOY MAŞINI; DEKORASİYA & DİZAYN; RƏQS QRUPLARI,"Ad günü, Nişan, Toy, Xına",https://shadliq.az/uploads/fields/2020/02/fidan_sadliq_evi_1200.jpg,"BAKININ 200-dən ÇOX RESTORAN VƏ SADLIQ SARAYLARİ BAZASI. TOY, NİSAN, XİNAYAXDİ,AD GÜNÜ, BANKET, SOU PROQRAM VƏ KORPORATİVLƏRİNİZ ÜÇÜN BÜTÜN RESTORANLAR BURADA. "
https://shadliq.az/az/genclik-sadliq-sarayi,Gənclik Saray,077-277-62-62,,Gənclik / F. X. Xoyski 118A,Gənclik,40.40926169999999,49.86709240000005,35,8413,Gənclik / F. X. Xoyski 118A | Sarayımıza gəlməkdən öncə zəng vuraraq administratorla görüş saatı təyin edin. | Sarayımıza gəlməkdən öncə zəng vuraraq administratorla görüş saatı təyin edin.,Böyük zal,GƏLİNLİKLƏR; GÖZƏLLİK SALONLARI; TOY MAŞINI; DEKORASİYA & DİZAYN; RƏQS QRUPLARI,"Ad günü, Nişan, Toy, Xına",https://shadliq.az/uploads/fields/2019/09/genclik-sadliq-sarayi-1000-1.jpg,"BAKININ 200-dən ÇOX RESTORAN VƏ SADLIQ SARAYLARİ BAZASI. TOY, NİSAN, XİNAYAXDİ,AD GÜNÜ, BANKET, SOU PROQRAM VƏ KORPORATİVLƏRİNİZ ÜÇÜN BÜTÜN RESTORANLAR BURADA. "
https://shadliq.az/az/arzu-sadliq-sarayi,Arzu saray,012-429-63-55,,Bakıxanov M.Fətəliyev 68A,Bakıxanov,40.40926169999999,49.86709240000005,30,105731,Bakıxanov M.Fətəliyev 68A | QİYMƏT30 aznBaşlanğıc Menyu,,GƏLİNLİKLƏR; GÖZƏLLİK SALONLARI; TOY MAŞINI; DEKORASİYA & DİZAYN; RƏQS QRUPLARI,"Ad günü, Nişan, Toy, Xına",https://shadliq.az/uploads/fields/2020/01/arzu-saray-sadliq-sarayi-900_1.jpg,"BAKININ 200-dən ÇOX RESTORAN VƏ SADLIQ SARAYLARİ BAZASI. TOY, NİSAN, XİNAYAXDİ,AD GÜNÜ, BANKET, SOU PROQRAM VƏ KORPORATİVLƏRİNİZ ÜÇÜN BÜTÜN RESTORANLAR BURADA. "
https://shadliq.az/az/neolit-hall-sadliq-sarayi,Neolit Hall,012-422-07-07,,"8 Km, M.Əliyev",8 km,40.40926169999999,49.86709240000005,,104439,,",",GƏLİNLİKLƏR; GÖZƏLLİK SALONLARI; TOY MAŞINI; DEKORASİYA & DİZAYN; RƏQS QRUPLARI,"Ad günü, Nişan, Toy, Xına",https://shadliq.az/uploads/fields/2021/10/neolit-hall-sadliq-sarayi-restorani-_1.jpg,"BAKININ 200-dən ÇOX RESTORAN VƏ SADLIQ SARAYLARİ BAZASI. TOY, NİSAN, XİNAYAXDİ,AD GÜNÜ, BANKET, SOU PROQRAM VƏ KORPORATİVLƏRİNİZ ÜÇÜN BÜTÜN RESTORANLAR BURADA. "
https://shadliq.az/az/heyat-sadliq-sarayi,Həyat Saray,012-563-55-35,,8 MKR. Ə. Naxçıvani 59,8 MKR,40.40926169999999,49.86709240000005,35,117540,8 MKR. Ə. Naxçıvani 59 | QİYMƏT35 aznBaşlanğıc Menyu,,GƏLİNLİKLƏR; GÖZƏLLİK SALONLARI; TOY MAŞINI; DEKORASİYA & DİZAYN; RƏQS QRUPLARI,"Ad günü, Nişan, Toy, Xına",https://shadliq.az/uploads/fields/2019/08/heyat-saray-sadliq-evi-1200.jpg,"BAKININ 200-dən ÇOX RESTORAN VƏ SADLIQ SARAYLARİ BAZASI. TOY, NİSAN, XİNAYAXDİ,AD GÜNÜ, BANKET, SOU PROQRAM VƏ KORPORATİVLƏRİNİZ ÜÇÜN BÜTÜN RESTORANLAR BURADA. "
https://shadliq.az/az/grand-neon-sadliq-sarayi,Grand Neon,051-311-11-19,,"8 km, M. Əliyev 17",8 km,40.40926169999999,49.86709240000005,120,201234,QİYMƏT120 aznBaşlanğıc Menyu,",",GƏLİNLİKLƏR; GÖZƏLLİK SALONLARI; TOY MAŞINI; DEKORASİYA & DİZAYN; RƏQS QRUPLARI,"Ad günü, Nişan, Toy, Xına",https://shadliq.az/uploads/fields/2021/10/grand-neon-sadliq-sarayi-_13.jpg,"BAKININ 200-dən ÇOX RESTORAN VƏ SADLIQ SARAYLARİ BAZASI. TOY, NİSAN, XİNAYAXDİ,AD GÜNÜ, BANKET, SOU PROQRAM VƏ KORPORATİVLƏRİNİZ ÜÇÜN BÜTÜN RESTORANLAR BURADA. "
https://shadliq.az/az/neon-palace-sadliq-sarayi,Neon Palace,055-658-00-05,,8 km. M. Əliyev 17,8 km,40.40926169999999,49.86709240000005,50,189294,,",",GƏLİNLİKLƏR; GÖZƏLLİK SALONLARI; TOY MAŞINI; DEKORASİYA & DİZAYN; RƏQS QRUPLARI,"Ad günü, Nişan, Toy, Xına",https://shadliq.az/uploads/fields/2021/10/neon-palace-_7.jpg,"BAKININ 200-dən ÇOX RESTORAN VƏ SADLIQ SARAYLARİ BAZASI. TOY, NİSAN, XİNAYAXDİ,AD GÜNÜ, BANKET, SOU PROQRAM VƏ KORPORATİVLƏRİNİZ ÜÇÜN BÜTÜN RESTORANLAR BURADA. "
https://shadliq.az/az/madonna-sadliq-sarayi,Madonna Saray,012-510-23-38,,8 km M. Abbasov küç 1,8 km,40.40926169999999,49.86709240000005,55-75,49098,8 km M. Abbasov küç 1 | QİYMƏT55-75 aznBaşlanğıc Menyu,,GƏLİNLİKLƏR; GÖZƏLLİK SALONLARI; TOY MAŞINI; DEKORASİYA & DİZAYN; RƏQS QRUPLARI,"Ad günü, Nişan, Toy, Xına",https://shadliq.az/uploads/fields/2020/02/madonna_sadliq_sarayi_1200.jpg,"BAKININ 200-dən ÇOX RESTORAN VƏ SADLIQ SARAYLARİ BAZASI. TOY, NİSAN, XİNAYAXDİ,AD GÜNÜ, BANKET, SOU PROQRAM VƏ KORPORATİVLƏRİNİZ ÜÇÜN BÜTÜN RESTORANLAR BURADA. "
https://shadliq.az/az/grace-hall-sadliq-sarayi,Grace Hall,055-766-19-66,,"8 km, M. Əliyev 17",8 km,40.40926169999999,49.86709240000005,35,102386,QİYMƏT35 aznBaşlanğıc Menyu,,GƏLİNLİKLƏR; GÖZƏLLİK SALONLARI; TOY MAŞINI; DEKORASİYA & DİZAYN; RƏQS QRUPLARI,"Ad günü, Nişan, Toy, Xına",https://shadliq.az/uploads/fields/2019/12/yeddi_gozel_sadliq_sarayi1200.jpg,"BAKININ 200-dən ÇOX RESTORAN VƏ SADLIQ SARAYLARİ BAZASI. TOY, NİSAN, XİNAYAXDİ,AD GÜNÜ, BANKET, SOU PROQRAM VƏ KORPORATİVLƏRİNİZ ÜÇÜN BÜTÜN RESTORANLAR BURADA. "
https://shadliq.az/az/hissa-sadliq-sarayi,Hissa Saray,012-422-89-19,,8 km B. Çobanzadə 2405,8 Km,40.40926169999999,49.86709240000005,0,38413,8 km B. Çobanzadə 2405 | QİYMƏT0 aznBaşlanğıc Menyu,,GƏLİNLİKLƏR; GÖZƏLLİK SALONLARI; TOY MAŞINI; DEKORASİYA & DİZAYN; RƏQS QRUPLARI,"Ad günü, Nişan, Toy, Xına",https://shadliq.az/uploads/fields/2020/01/hissa_sadliq_evi_1200.jpg,"BAKININ 200-dən ÇOX RESTORAN VƏ SADLIQ SARAYLARİ BAZASI. TOY, NİSAN, XİNAYAXDİ,AD GÜNÜ, BANKET, SOU PROQRAM VƏ KORPORATİVLƏRİNİZ ÜÇÜN BÜTÜN RESTORANLAR BURADA. "
https://shadliq.az/az/halikarnas-hall,Halikarnas Hall,050-552-42-02,,Zığ şossesi,Zığ şossesi,40.40926169999999,49.86709240000005,150,13082,QİYMƏT150 aznBaşlanğıc Menyu,,GƏLİNLİKLƏR; GÖZƏLLİK SALONLARI; TOY MAŞINI; DEKORASİYA & DİZAYN; RƏQS QRUPLARI,"Ad günü, Nişan, Toy, Xına",https://shadliq.az/uploads/fields/2019/08/halikarnas_hall_sadliq_saray_1200.jpg,"BAKININ 200-dən ÇOX RESTORAN VƏ SADLIQ SARAYLARİ BAZASI. TOY, NİSAN, XİNAYAXDİ,AD GÜNÜ, BANKET, SOU PROQRAM VƏ KORPORATİVLƏRİNİZ ÜÇÜN BÜTÜN RESTORANLAR BURADA. "
https://shadliq.az/az/anar-sadliq-sarayi,Anar Saray,012-568-73-81,,6 MKR S. Məmmədova,6 MKR,40.40926169999999,49.86709240000005,26,16152,QİYMƏT26 aznBaşlanğıc Menyu,,GƏLİNLİKLƏR; GÖZƏLLİK SALONLARI; TOY MAŞINI; DEKORASİYA & DİZAYN; RƏQS QRUPLARI,"Ad günü, Nişan, Toy, Xına",https://shadliq.az/uploads/fields/2019/07/anar_sadliq_sarayi_1200.jpg,"BAKININ 200-dən ÇOX RESTORAN VƏ SADLIQ SARAYLARİ BAZASI. TOY, NİSAN, XİNAYAXDİ,AD GÜNÜ, BANKET, SOU PROQRAM VƏ KORPORATİVLƏRİNİZ ÜÇÜN BÜTÜN RESTORANLAR BURADA. "
https://shadliq.az/az/beyaz-sadliq-sarayi,Bəyaz Saray,077-448-81-78,,Bakıxanov Qəs.,Bakıxanov,40.40926169999999,49.86709240000005,,37981,QİYMƏTaznBaşlanğıc Menyu,,GƏLİNLİKLƏR; GÖZƏLLİK SALONLARI; TOY MAŞINI; DEKORASİYA & DİZAYN; RƏQS QRUPLARI,"Ad günü, Nişan, Toy, Xına",https://shadliq.az/uploads/fields/2019/07/beyaz_sadliq_sarayi_1200.jpg,"BAKININ 200-dən ÇOX RESTORAN VƏ SADLIQ SARAYLARİ BAZASI. TOY, NİSAN, XİNAYAXDİ,AD GÜNÜ, BANKET, SOU PROQRAM VƏ KORPORATİVLƏRİNİZ ÜÇÜN BÜTÜN RESTORANLAR BURADA. "
https://shadliq.az/az/halikarnas-balikcisi-restorani-1,Halikarnas Balıkçısı Restoranı,070-677-97-77,,"Zığ şossesi, Qum adasi",,40.40926169999999,49.86709240000005,,10927,"Zığ şossesi, Qum adasi | Halikarnas Beach club: Giriş: (həftənin hər günü üçün) 10 Azn,Uşaqlar: 0-6 Pulsuz, 6-12 yaş: 5 Azn, Qiymətə, giriş, lejanka, dəsmal daxildir | Halikarnas Beach club: Giriş: (həftənin hər günü üçün) 10 Azn,Uşaqlar: 0-6 Pulsuz, 6-12 yaş: 5 Azn, Qiymətə, giriş, lejanka, dəsmal daxildir",Ailəvi KabinetlərAçıq HavaÜmumi Zal,GƏLİNLİKLƏR; GÖZƏLLİK SALONLARI; TOY MAŞINI; DEKORASİYA & DİZAYN; RƏQS QRUPLARI,"Ad günü, Nişan, Toy, Xına",https://shadliq.az/uploads/fields/2019/06/halikarnas_balikcisi.jpg,"BAKININ 200-dən ÇOX RESTORAN VƏ SADLIQ SARAYLARİ BAZASI. TOY, NİSAN, XİNAYAXDİ,AD GÜNÜ, BANKET, SOU PROQRAM VƏ KORPORATİVLƏRİNİZ ÜÇÜN BÜTÜN RESTORANLAR BURADA. "
https://shadliq.az/az/heyat-yolu-sadliq-sarayi,Həyat Yolu Saray,012-429-88-99,,"Razin, Ş.Kamilov 7(Bakıxanov T.M. yanı)",Razin,40.40926169999999,49.86709240000005,28,74352,"Razin, Ş.Kamilov 7(Bakıxanov T.M. yanı) | QİYMƏT28 aznBaşlanğıc Menyu",,GƏLİNLİKLƏR; GÖZƏLLİK SALONLARI; TOY MAŞINI; DEKORASİYA & DİZAYN; RƏQS QRUPLARI,"Ad günü, Nişan, Toy, Xına",https://shadliq.az/uploads/fields/2019/06/heyat-yolu-sadliq-sarayi-1201.jpg,"BAKININ 200-dən ÇOX RESTORAN VƏ SADLIQ SARAYLARİ BAZASI. TOY, NİSAN, XİNAYAXDİ,AD GÜNÜ, BANKET, SOU PROQRAM VƏ KORPORATİVLƏRİNİZ ÜÇÜN BÜTÜN RESTORANLAR BURADA. "
https://shadliq.az/az/ulvi-sadliq-saray,Ülvi Saray,012-343-33-68,,Mehdiabad qəs. 28 may küç.,Mehdiabad qəs,40.40926169999999,49.86709240000005,,460034,Mehdiabad qəs. 28 may küç. | Sarayımıza gəlməkdən öncə zəng vuraraq administratorla görüş saatı təyin edin. | Sarayımıza gəlməkdən öncə zəng vuraraq administratorla görüş saatı təyin edin.,Böyük zal:200-400Kiçik zal:30-160,GƏLİNLİKLƏR; GÖZƏLLİK SALONLARI; TOY MAŞINI; DEKORASİYA & DİZAYN; RƏQS QRUPLARI,"Ad günü, Nişan, Toy, Xına",https://shadliq.az/uploads/fields/2019/05/ulvisaray1200.jpg,"BAKININ 200-dən ÇOX RESTORAN VƏ SADLIQ SARAYLARİ BAZASI. TOY, NİSAN, XİNAYAXDİ,AD GÜNÜ, BANKET, SOU PROQRAM VƏ KORPORATİVLƏRİNİZ ÜÇÜN BÜTÜN RESTORANLAR BURADA. "
https://shadliq.az/az/sam-bagi-sadliq-sarayi,Şam Bağı Saray,012-373-33-33,,8 km B.Çobanzadə 48,8 km,40.40926169999999,49.86709240000005,29,24172,QİYMƏT29 aznBaşlanğıc Menyu,,GƏLİNLİKLƏR; GÖZƏLLİK SALONLARI; TOY MAŞINI; DEKORASİYA & DİZAYN; RƏQS QRUPLARI,"Ad günü, Nişan, Toy, Xına",https://shadliq.az/uploads/fields/2019/05/sam_bagi_sadliq_evi_1200.jpg; https://shadliq.az/uploads/fields/2019/05/sam_bagi_sadliq_sarayi_1200.jpg,"BAKININ 200-dən ÇOX RESTORAN VƏ SADLIQ SARAYLARİ BAZASI. TOY, NİSAN, XİNAYAXDİ,AD GÜNÜ, BANKET, SOU PROQRAM VƏ KORPORATİVLƏRİNİZ ÜÇÜN BÜTÜN RESTORANLAR BURADA. "
https://shadliq.az/az/sapfir-saray-restoran-ve-sadliq-sarayi,Sapfir Saray,012-370-07-70,,8 km B.Çobanzadə 33,8 km,40.40926169999999,49.86709240000005,80-120,33310,Sarayımıza gəlməkdən öncə zəng vuraraq administratorla görüş saatı təyin edin. | Sarayımıza gəlməkdən öncə zəng vuraraq administratorla görüş saatı təyin edin.,",",GƏLİNLİKLƏR; GÖZƏLLİK SALONLARI; TOY MAŞINI; DEKORASİYA & DİZAYN; RƏQS QRUPLARI,"Ad günü, Nişan, Toy, Xına",https://shadliq.az/uploads/fields/2021/10/87_sapfir_sadliq_sarayi_4.jpg,"BAKININ 200-dən ÇOX RESTORAN VƏ SADLIQ SARAYLARİ BAZASI. TOY, NİSAN, XİNAYAXDİ,AD GÜNÜ, BANKET, SOU PROQRAM VƏ KORPORATİVLƏRİNİZ ÜÇÜN BÜTÜN RESTORANLAR BURADA. "
https://shadliq.az/az/qizil-qaya-sadliq-sarayi,Qızıl Qaya Saray,012-370-99-55,,"8-km,M. Əliyev 33",8-km,40.40926169999999,49.86709240000005,30,54030,Sarayımıza gəlməkdən öncə zəng vuraraq administratorla görüş saatı təyin edin. | Sarayımıza gəlməkdən öncə zəng vuraraq administratorla görüş saatı təyin edin.,Böyük zal:150-400Kiçik zal:100-150Yay zalı 1: 100-200Yay zalı 2:150-300Kabinetlər,GƏLİNLİKLƏR; GÖZƏLLİK SALONLARI; TOY MAŞINI; DEKORASİYA & DİZAYN; RƏQS QRUPLARI,"Ad günü, Nişan, Toy, Xına",https://shadliq.az/uploads/fields/2019/03/qizil-qaya-restorani-1200a.jpg,"BAKININ 200-dən ÇOX RESTORAN VƏ SADLIQ SARAYLARİ BAZASI. TOY, NİSAN, XİNAYAXDİ,AD GÜNÜ, BANKET, SOU PROQRAM VƏ KORPORATİVLƏRİNİZ ÜÇÜN BÜTÜN RESTORANLAR BURADA. "
https://shadliq.az/az/bagcali-saray-sadliq-sarayi,Bağçalı Saray şadlıq sarayı,050-888-89-89,,"7 mkr, C.Xəndan 23C",7 mkr,40.40926169999999,49.86709240000005,220,82965,QİYMƏT220 aznBaşlanğıc Menyu,,GƏLİNLİKLƏR; GÖZƏLLİK SALONLARI; TOY MAŞINI; DEKORASİYA & DİZAYN; RƏQS QRUPLARI,"Ad günü, Nişan, Toy, Xına",https://shadliq.az/uploads/fields/2019/03/bagcali_saray_sadliq_sarayi_1200.jpg,"BAKININ 200-dən ÇOX RESTORAN VƏ SADLIQ SARAYLARİ BAZASI. TOY, NİSAN, XİNAYAXDİ,AD GÜNÜ, BANKET, SOU PROQRAM VƏ KORPORATİVLƏRİNİZ ÜÇÜN BÜTÜN RESTORANLAR BURADA. "
